rail,pos_x,pos_y,localisation,localisation_fr,rail_work_order,mvt,designation,reference,id,work_order,work_order_unit,point_dev_manoeuvre,point,path,position_type,speed,cnt,x_j1,y_j2,z_j3,w_j4,p_j5,r_j6,e1,wrist,forearm,arm,conf_j1,conf_j4,conf_j6,UF,UT
1,REAR,RIGHT,REAR_RIGHT,AR_D,6,station,rail,E53233044200,1,64,4,1,1,JOINT,JOINT,25.000,0.000,0.000,18.500,-39.000,0.000,106.000,-135.000,2351.500,,,,,,,3,3
1,REAR,RIGHT,REAR_RIGHT,AR_D,6,approach,rail,E53233044200,1,64,4,2,2,LINEAR,JOINT,250.000,100.000,24.701,25.433,-37.461,-5.516,91.909,-115.838,2351.500,,,,,,,3,3
1,REAR,RIGHT,REAR_RIGHT,AR_D,6,approach,rail,E53233044200,1,64,4,3,3,LINEAR,JOINT,250.000,100.000,30.607,28.005,-32.332,8.847,79.947,-114.056,2351.500,,,,,,,3,3
1,REAR,RIGHT,REAR_RIGHT,AR_D,6,approach,rail,E53233044200,1,64,4,4,4,LINEAR,JOINT,250.000,100.000,32.593,30.198,-28.975,36.782,68.048,-124.532,2351.500,,,,,,,3,3
1,REAR,RIGHT,REAR_RIGHT,AR_D,6,approach,rail,E53233044200,1,64,4,5,5,JOINT,JOINT,25.000,100.000,42.000,44.999,-5.001,36.802,-19.999,-90.002,2351.500,,,,,,,3,3
1,REAR,RIGHT,REAR_RIGHT,AR_D,6,approach,rail,E53233044200,1,64,4,6,6,JOINT,JOINT,25.000,100.000,46.641,57.824,-4.711,42.993,-54.764,-47.098,2351.500,,,,,,,3,3
1,REAR,RIGHT,REAR_RIGHT,AR_D,6,approach,rail,E53233044200,1,64,4,7,7,LINEAR,JOINT,250.000,0.000,45.756,53.775,-7.699,44.145,-51.991,-40.823,2351.500,,,,,,,3,3
1,REAR,RIGHT,REAR_RIGHT,AR_D,6,work,fastener,ASNA2392-3-04,179,1,1,8,8,LINEAR,CRT,100,0,230.200,2611.500,3.500,-180,0,90,2351.500,N,U,T,0,0,0,3,3
1,REAR,RIGHT,REAR_RIGHT,AR_D,6,work,fastener,ASNA2392-3-04,177,2,2,9,9,LINEAR,CRT,100.000,0.000,206.200,2611.500,3.500,180.000,0.000,77.000,2351.500,N,U,T,0.000,0.000,0.000,3,3
1,REAR,RIGHT,REAR_RIGHT,AR_D,6,work,fastener,ASNA2392-3-04,176,3,3,10,10,LINEAR,CRT,100.000,0.000,182.200,2611.500,3.500,180.000,0.000,77.000,2351.500,N,U,T,0.000,0.000,0.000,3,3
1,REAR,RIGHT,REAR_RIGHT,AR_D,6,work,fastener,ASNA2392-3-04,178,4,4,11,11,LINEAR,CRT,100.000,0.000,158.200,2611.500,3.500,180.000,0.000,77.000,2351.500,N,U,T,0.000,0.000,0.000,3,3
1,REAR,RIGHT,REAR_RIGHT,AR_D,6,work,fastener,ASNA2392-3-04,175,5,5,12,12,LINEAR,CRT,100.000,0.000,134.200,2611.500,3.500,-180.000,-1.000,56.000,2351.500,N,U,T,0.000,0.000,0.000,3,3
1,REAR,RIGHT,REAR_RIGHT,AR_D,6,clearance,rail,E53233044200,1,64,4,7,1,LINEAR,JOINT,250.000,0.000,45.756,53.775,-7.699,44.145,-51.991,-40.823,2351.500,,,,,,,3,3
1,REAR,RIGHT,REAR_RIGHT,AR_D,6,clearance,rail,E53233044200,1,64,4,6,2,LINEAR,JOINT,250.000,100.000,46.641,57.824,-4.711,42.993,-54.764,-47.098,2351.500,,,,,,,3,3
1,REAR,RIGHT,REAR_RIGHT,AR_D,6,clearance,rail,E53233044200,1,64,4,5,3,JOINT,JOINT,25.000,100.000,42.000,44.999,-5.001,36.802,-19.999,-90.002,2351.500,,,,,,,3,3
1,REAR,RIGHT,REAR_RIGHT,AR_D,6,clearance,rail,E53233044200,1,64,4,4,4,JOINT,JOINT,25.000,100.000,32.593,30.198,-28.975,36.782,68.048,-124.532,2351.500,,,,,,,3,3
1,REAR,RIGHT,REAR_RIGHT,AR_D,6,clearance,rail,E53233044200,1,64,4,3,5,LINEAR,JOINT,250.000,100.000,30.607,28.005,-32.332,8.847,79.947,-114.056,2351.500,,,,,,,3,3
1,REAR,RIGHT,REAR_RIGHT,AR_D,6,clearance,rail,E53233044200,1,64,4,2,6,LINEAR,JOINT,250.000,100.000,24.701,25.433,-37.461,-5.516,91.909,-115.838,2351.500,,,,,,,3,3
1,REAR,RIGHT,REAR_RIGHT,AR_D,6,clearance,rail,E53233044200,1,64,4,1,7,LINEAR,JOINT,250.000,0.000,0.000,18.500,-39.000,0.000,106.000,-135.000,2351.500,,,,,,,3,3
1,REAR,LEFT,REAR_LEFT,AR_G,6,station,rail,E53233044200,1,62,2,1,1,JOINT,JOINT,25.000,0.000,0.000,18.500,-39.000,0.000,106.000,-135.000,2059.500,,,,,,,3,3
1,REAR,LEFT,REAR_LEFT,AR_G,6,approach,rail,E53233044200,1,62,2,2,2,LINEAR,JOINT,25.000,100.000,21.488,23.749,-32.425,-12.104,89.347,-116.215,2059.500,,,,,,,3,3
1,REAR,LEFT,REAR_LEFT,AR_G,6,approach,rail,E53233044200,1,62,2,3,3,JOINT,JOINT,25.000,100.000,26.609,27.245,-38.994,-10.655,89.422,-117.790,2059.500,,,,,,,3,3
1,REAR,LEFT,REAR_LEFT,AR_G,6,approach,rail,E53233044200,1,62,2,4,4,JOINT,JOINT,25.000,100.000,24.942,27.617,-27.260,15.637,47.887,-141.247,2059.500,,,,,,,3,3
1,REAR,LEFT,REAR_LEFT,AR_G,6,approach,rail,E53233044200,1,62,2,5,5,JOINT,JOINT,25.000,100.000,26.301,30.406,-13.285,8.679,-9.671,-138.591,2059.500,,,,,,,3,3
1,REAR,LEFT,REAR_LEFT,AR_G,6,approach,rail,E53233044200,1,62,2,6,6,LINEAR,JOINT,25.000,100.000,43.142,45.035,-13.768,46.836,-45.904,-186.998,2059.500,,,,,,,3,3
1,REAR,LEFT,REAR_LEFT,AR_G,6,approach,rail,E53233044200,1,62,2,7,7,LINEAR,JOINT,250.000,0.000,44.729,43.339,-18.454,50.942,-43.969,-209.057,2059.500,,,,,,,3,3
1,REAR,LEFT,REAR_LEFT,AR_G,6,work,fastener,ASNA2392-3-04,184,1,1,8,8,LINEAR,CRT,100.000,0.000,230.200,2584.000,3.500,180.000,0.000,-90.000,2059.500,N,U,T,0.000,0.000,0.000,3,3
1,REAR,LEFT,REAR_LEFT,AR_G,6,work,fastener,ASNA2392-3-04,183,2,2,9,9,LINEAR,CRT,100.000,0.000,206.200,2584.000,3.500,-180.000,0.000,-90.000,2059.500,N,U,T,0.000,0.000,0.000,3,3
1,REAR,LEFT,REAR_LEFT,AR_G,6,work,fastener,ASNA2392-3-04,182,3,3,10,10,LINEAR,CRT,100.000,0.000,182.200,2584.000,3.500,180.000,0.000,-71.000,2059.500,N,U,T,0.000,0.000,0.000,3,3
1,REAR,LEFT,REAR_LEFT,AR_G,6,work,fastener,ASNA2392-3-04,181,4,4,11,11,LINEAR,CRT,100.000,0.000,158.200,2584.000,3.500,-180.000,0.000,-67.000,2059.500,N,U,T,0.000,0.000,0.000,3,3
1,REAR,LEFT,REAR_LEFT,AR_G,6,work,fastener,ASNA2392-3-04,180,5,5,12,12,LINEAR,CRT,100.000,0.000,134.200,2584.000,3.500,-180.000,0.000,-47.000,2059.500,N,U,T,0.000,0.000,0.000,3,3
1,REAR,LEFT,REAR_LEFT,AR_G,6,clearance,rail,E53233044200,1,62,2,7,1,LINEAR,JOINT,250.000,0.000,44.729,43.339,-18.454,50.942,-43.969,-209.057,2059.500,,,,,,,3,3
1,REAR,LEFT,REAR_LEFT,AR_G,6,clearance,rail,E53233044200,1,62,2,6,2,LINEAR,JOINT,250.000,100.000,43.142,45.035,-13.768,46.836,-45.904,-186.998,2059.500,,,,,,,3,3
1,REAR,LEFT,REAR_LEFT,AR_G,6,clearance,rail,E53233044200,1,62,2,5,3,LINEAR,JOINT,250.000,100.000,26.301,30.406,-13.285,8.679,-9.671,-138.591,2059.500,,,,,,,3,3
1,REAR,LEFT,REAR_LEFT,AR_G,6,clearance,rail,E53233044200,1,62,2,4,4,JOINT,JOINT,25.000,100.000,24.942,27.617,-27.260,15.637,47.887,-141.247,2059.500,,,,,,,3,3
1,REAR,LEFT,REAR_LEFT,AR_G,6,clearance,rail,E53233044200,1,62,2,3,5,JOINT,JOINT,25.000,100.000,26.609,27.245,-38.994,-10.655,89.422,-117.790,2059.500,,,,,,,3,3
1,REAR,LEFT,REAR_LEFT,AR_G,6,clearance,rail,E53233044200,1,62,2,2,6,LINEAR,JOINT,250.000,100.000,21.488,23.749,-32.425,-12.104,89.347,-116.215,2059.500,,,,,,,3,3
1,REAR,LEFT,REAR_LEFT,AR_G,6,clearance,rail,E53233044200,1,62,2,1,7,LINEAR,JOINT,250.000,0.000,0.000,18.500,-39.000,0.000,106.000,-135.000,2059.500,,,,,,,3,3
1,FRONT,RIGHT,FRONT_RIGHT,AV_D,6,station,rail,E53233044200,1,63,3,1,1,JOINT,JOINT,25.000,0.000,0.000,18.500,-39.000,0.000,106.000,-135.000,2192.500,,,,,,,3,3
1,FRONT,RIGHT,FRONT_RIGHT,AV_D,6,approach,rail,E53233044200,1,63,3,2,2,LINEAR,JOINT,250.000,100.000,42.134,43.475,-27.402,-9.615,80.721,-100.912,2192.500,,,,,,,3,3
1,FRONT,RIGHT,FRONT_RIGHT,AV_D,6,approach,rail,E53233044200,1,63,3,3,3,LINEAR,JOINT,250.000,100.000,50.047,40.906,-43.856,30.148,68.968,-108.392,2192.500,,,,,,,3,3
1,FRONT,RIGHT,FRONT_RIGHT,AV_D,6,approach,rail,E53233044200,1,63,3,4,4,LINEAR,JOINT,250.000,100.000,58.934,45.602,-58.512,41.627,65.789,-105.445,2192.500,,,,,,,3,3
1,FRONT,RIGHT,FRONT_RIGHT,AV_D,6,approach,rail,E53233044200,1,63,3,5,5,JOINT,JOINT,25.000,100.000,69.500,57.500,-45.201,60.001,-21.700,-110.001,2192.500,,,,,,,3,3
1,FRONT,RIGHT,FRONT_RIGHT,AV_D,6,approach,rail,E53233044200,1,63,3,6,6,JOINT,JOINT,25.000,100.000,75.547,88.413,-37.346,61.964,-57.185,-57.552,2192.500,,,,,,,3,3
1,FRONT,RIGHT,FRONT_RIGHT,AV_D,6,approach,rail,E53233044200,1,63,3,7,7,LINEAR,JOINT,250.000,0.000,73.861,78.726,-44.350,67.103,-53.015,-64.592,2192.500,,,,,,,3,3
1,FRONT,RIGHT,FRONT_RIGHT,AV_D,6,work,fastener,ASNA2392-3-04,171,1,1,8,8,LINEAR,CRT,100.000,0.000,-120.000,2611.500,3.500,-180.000,0.000,90.000,2192.500,N,U,T,0.000,0.000,0.000,3,3
1,FRONT,RIGHT,FRONT_RIGHT,AV_D,6,work,fastener,ASNA2392-3-04,172,2,2,9,9,LINEAR,CRT,100.000,0.000,-96.000,2611.500,3.500,-180.000,0.000,90.000,2192.500,N,U,T,0.000,0.000,0.000,3,3
1,FRONT,RIGHT,FRONT_RIGHT,AV_D,6,work,fastener,ASNA2392-3-04,173,3,3,10,10,LINEAR,CRT,100.000,0.000,-72.000,2611.500,3.500,-180.000,0.000,90.000,2192.500,N,U,T,0.000,0.000,0.000,3,3
1,FRONT,RIGHT,FRONT_RIGHT,AV_D,6,work,fastener,ASNA2392-3-04,174,4,4,11,11,LINEAR,CRT,100.000,0.000,-48.000,2611.500,3.500,-180.000,0.000,90.000,2192.500,N,U,T,0.000,0.000,0.000,3,3
1,FRONT,RIGHT,FRONT_RIGHT,AV_D,6,work,fastener,ASNA2392-3-05,241,5,5,12,12,LINEAR,CRT,100.000,0.000,-24.000,2611.500,5.000,-180.000,0.000,90.000,2192.500,N,U,T,0.000,0.000,0.000,3,3
1,FRONT,RIGHT,FRONT_RIGHT,AV_D,6,work,fastener,ASNA2392-3-05,242,6,6,13,13,LINEAR,CRT,100.000,0.000,0.000,2611.500,5.000,-180.000,0.000,111.773,2192.500,N,U,T,0.000,0.000,0.000,3,3
1,FRONT,RIGHT,FRONT_RIGHT,AV_D,6,work,fastener,ASNA2392-3-07,171,7,7,14,14,LINEAR,CRT,100.000,0.000,36.700,2611.500,5.000,-179.999,0.000,128.362,2192.500,N,U,T,0.000,0.000,0.000,3,3
1,FRONT,RIGHT,FRONT_RIGHT,AV_D,6,work,fastener,ASNA2392-3-07,172,8,8,15,15,LINEAR,CRT,100.000,0.000,58.700,2611.500,5.000,-180.000,0.000,136.713,2192.500,N,U,T,0.000,0.000,0.000,3,3
1,FRONT,RIGHT,FRONT_RIGHT,AV_D,6,clearance,rail,E53233044200,1,63,3,7,1,LINEAR,JOINT,250.000,0.000,73.861,78.726,-44.350,67.103,-53.015,-64.592,2192.500,,,,,,,3,3
1,FRONT,RIGHT,FRONT_RIGHT,AV_D,6,clearance,rail,E53233044200,1,63,3,6,2,LINEAR,JOINT,250.000,100.000,75.547,88.413,-37.346,61.964,-57.185,-57.552,2192.500,,,,,,,3,3
1,FRONT,RIGHT,FRONT_RIGHT,AV_D,6,clearance,rail,E53233044200,1,63,3,5,3,JOINT,JOINT,25.000,100.000,69.500,57.500,-45.201,60.001,-21.700,-110.001,2192.500,,,,,,,3,3
1,FRONT,RIGHT,FRONT_RIGHT,AV_D,6,clearance,rail,E53233044200,1,63,3,4,4,JOINT,JOINT,25.000,100.000,58.934,45.602,-58.512,41.627,65.789,-105.445,2192.500,,,,,,,3,3
1,FRONT,RIGHT,FRONT_RIGHT,AV_D,6,clearance,rail,E53233044200,1,63,3,3,5,LINEAR,JOINT,250.000,100.000,50.047,40.906,-43.856,30.148,68.968,-108.392,2192.500,,,,,,,3,3
1,FRONT,RIGHT,FRONT_RIGHT,AV_D,6,clearance,rail,E53233044200,1,63,3,2,6,LINEAR,JOINT,250.000,100.000,42.134,43.475,-27.402,-9.615,80.721,-100.912,2192.500,,,,,,,3,3
1,FRONT,RIGHT,FRONT_RIGHT,AV_D,6,clearance,rail,E53233044200,1,63,3,1,7,LINEAR,JOINT,250.000,0.000,0.000,18.500,-39.000,0.000,106.000,-135.000,2192.500,,,,,,,3,3
1,FRONT,LEFT,FRONT_LEFT,AV_G,6,station,rail,E53233044200,1,61,1,1,1,JOINT,JOINT,25.000,0.000,0.000,18.500,-39.000,0.000,106.000,-135.000,1951.500,,,,,,,3,3
1,FRONT,LEFT,FRONT_LEFT,AV_G,6,approach,rail,E53233044200,1,61,1,2,2,LINEAR,JOINT,250.000,100.000,28.055,27.868,-31.455,-12.876,88.689,-112.191,1951.500,,,,,,,3,3
1,FRONT,LEFT,FRONT_LEFT,AV_G,6,approach,rail,E53233044200,1,61,1,3,3,LINEAR,JOINT,250.000,100.000,42.687,41.545,-21.781,-7.421,67.357,-100.588,1951.500,,,,,,,3,3
1,FRONT,LEFT,FRONT_LEFT,AV_G,6,approach,rail,E53233044200,1,61,1,4,4,LINEAR,JOINT,250.000,100.000,49.306,40.009,-46.626,45.940,59.844,-114.661,1951.500,,,,,,,3,3
1,FRONT,LEFT,FRONT_LEFT,AV_G,6,approach,rail,E53233044200,1,61,1,5,5,LINEAR,JOINT,250.000,100.000,56.771,47.277,-88.334,33.593,91.121,-85.857,1951.500,,,,,,,3,3
1,FRONT,LEFT,FRONT_LEFT,AV_G,6,approach,rail,E53233044200,1,61,1,6,6,JOINT,JOINT,25.000,100.000,59.557,48.355,-96.871,-2.163,86.874,-149.971,1951.500,,,,,,,3,3
1,FRONT,LEFT,FRONT_LEFT,AV_G,6,approach,rail,E53233044200,1,61,1,7,7,JOINT,JOINT,25.000,100.000,68.711,59.803,-58.264,-98.099,46.134,-92.171,1951.500,,,,,,,3,3
1,FRONT,LEFT,FRONT_LEFT,AV_G,6,approach,rail,E53233044200,1,61,1,8,8,LINEAR,JOINT,250.000,0.000,68.990,58.214,-64.250,-92.552,45.710,-100.488,1951.500,,,,,,,3,3
1,FRONT,LEFT,FRONT_LEFT,AV_G,6,work,fastener,ASNA2392-3-04,167,1,1,8,8,LINEAR,CRT,100.000,0.000,-120.000,2584.000,3.500,180.000,0.000,-89.961,1951.500,F,U,T,0.000,0.000,0.000,3,3
1,FRONT,LEFT,FRONT_LEFT,AV_G,6,work,fastener,ASNA2392-3-04,168,2,2,9,9,LINEAR,CRT,100.000,0.000,-96.000,2584.000,3.500,-180.000,0.000,-89.961,1951.500,F,U,T,0.000,0.000,0.000,3,3
1,FRONT,LEFT,FRONT_LEFT,AV_G,6,work,fastener,ASNA2392-3-04,169,3,3,10,10,LINEAR,CRT,100.000,0.000,-72.000,2584.000,3.500,-180.000,0.000,-89.961,1951.500,F,U,T,0.000,0.000,0.000,3,3
1,FRONT,LEFT,FRONT_LEFT,AV_G,6,work,fastener,ASNA2392-3-04,170,4,4,11,11,LINEAR,CRT,100.000,0.000,-48.000,2584.000,3.500,-180.000,0.000,-89.961,1951.500,F,U,T,0.000,0.000,0.000,3,3
1,FRONT,LEFT,FRONT_LEFT,AV_G,6,work,fastener,ASNA2392-3-05,239,5,5,12,12,LINEAR,CRT,100.000,0.000,-24.000,2584.000,5.000,-180.000,0.000,-90.000,1951.500,F,U,T,0.000,0.000,0.000,3,3
1,FRONT,LEFT,FRONT_LEFT,AV_G,6,work,fastener,ASNA2392-3-05,240,6,6,13,13,LINEAR,CRT,100.000,0.000,0.000,2584.000,5.000,-180.000,0.000,-90.000,1951.500,F,U,T,0.000,0.000,0.000,3,3
1,FRONT,LEFT,FRONT_LEFT,AV_G,6,work,fastener,ASNA2392-3-07,169,7,7,14,14,LINEAR,CRT,100.000,0.000,36.700,2584.000,5.000,-180.000,0.000,-110.000,1951.500,F,U,T,0.000,0.000,0.000,3,3
1,FRONT,LEFT,FRONT_LEFT,AV_G,6,work,fastener,ASNA2392-3-07,170,8,8,15,15,LINEAR,CRT,100.000,0.000,58.700,2584.000,5.000,-180.000,0.000,-130.500,1951.500,F,U,T,0.000,0.000,0.000,3,3
1,FRONT,LEFT,FRONT_LEFT,AV_G,6,clearance,rail,E53233044200,1,61,1,8,1,LINEAR,JOINT,250.000,0.000,68.990,58.214,-64.250,-92.552,45.710,-100.488,1951.500,,,,,,,3,3
1,FRONT,LEFT,FRONT_LEFT,AV_G,6,clearance,rail,E53233044200,1,61,1,7,2,LINEAR,JOINT,250.000,100.000,68.711,59.803,-58.264,-98.099,46.134,-92.171,1951.500,,,,,,,3,3
1,FRONT,LEFT,FRONT_LEFT,AV_G,6,clearance,rail,E53233044200,1,61,1,6,3,JOINT,JOINT,25.000,100.000,59.557,48.355,-96.871,-2.163,86.874,-149.971,1951.500,,,,,,,3,3
1,FRONT,LEFT,FRONT_LEFT,AV_G,6,clearance,rail,E53233044200,1,61,1,5,4,JOINT,JOINT,25.000,100.000,56.771,47.277,-88.334,33.593,91.121,-85.857,1951.500,,,,,,,3,3
1,FRONT,LEFT,FRONT_LEFT,AV_G,6,clearance,rail,E53233044200,1,61,1,4,5,LINEAR,JOINT,250.000,100.000,49.306,40.009,-46.626,45.940,59.844,-114.661,1951.500,,,,,,,3,3
1,FRONT,LEFT,FRONT_LEFT,AV_G,6,clearance,rail,E53233044200,1,61,1,3,6,LINEAR,JOINT,250.000,100.000,42.687,41.545,-21.781,-7.421,67.357,-100.588,1951.500,,,,,,,3,3
1,FRONT,LEFT,FRONT_LEFT,AV_G,6,clearance,rail,E53233044200,1,61,1,2,7,LINEAR,JOINT,250.000,100.000,28.055,27.868,-31.455,-12.876,88.689,-112.191,1951.500,,,,,,,3,3
1,FRONT,LEFT,FRONT_LEFT,AV_G,6,clearance,rail,E53233044200,1,61,1,1,8,LINEAR,JOINT,250.000,0.000,0.000,18.500,-39.000,0.000,106.000,-135.000,1951.500,,,,,,,3,3
2,REAR,RIGHT,REAR_RIGHT,AR_D,5,station,rail,E53233046200,2,54,4,1,1,JOINT,JOINT,25.000,0.000,0.000,18.500,-39.000,0.000,106.000,-135.000,1824.500,,,,,,,3,3
2,REAR,RIGHT,REAR_RIGHT,AR_D,5,approach,rail,E53233046200,2,54,4,2,2,LINEAR,JOINT,250.000,100.000,24.701,25.433,-37.461,-5.516,91.909,-115.838,1824.500,,,,,,,3,3
2,REAR,RIGHT,REAR_RIGHT,AR_D,5,approach,rail,E53233046200,2,54,4,3,3,LINEAR,JOINT,250.000,100.000,30.607,28.005,-32.332,8.847,79.947,-114.056,1824.500,,,,,,,3,3
2,REAR,RIGHT,REAR_RIGHT,AR_D,5,approach,rail,E53233046200,2,54,4,4,4,LINEAR,JOINT,250.000,100.000,32.593,30.198,-28.975,36.782,68.048,-124.532,1824.500,,,,,,,3,3
2,REAR,RIGHT,REAR_RIGHT,AR_D,5,approach,rail,E53233046200,2,54,4,5,5,JOINT,JOINT,25.000,100.000,42.000,44.999,-5.001,36.802,-19.999,-90.002,1824.500,,,,,,,3,3
2,REAR,RIGHT,REAR_RIGHT,AR_D,5,approach,rail,E53233046200,2,54,4,6,6,JOINT,JOINT,25.000,100.000,46.641,57.824,-4.711,42.993,-54.764,-47.098,1824.500,,,,,,,3,3
2,REAR,RIGHT,REAR_RIGHT,AR_D,5,approach,rail,E53233046200,2,54,4,7,7,LINEAR,JOINT,250.000,0.000,45.756,53.775,-7.699,44.145,-51.991,-40.823,1824.500,,,,,,,3,3
2,REAR,RIGHT,REAR_RIGHT,AR_D,5,work,fastener,ASNA2392-3-04,217,1,1,8,8,LINEAR,CRT,80.000,0.000,230.200,2084.500,3.500,-180.000,0.000,90.000,1824.500,N,U,T,0.000,0.000,0.000,3,3
2,REAR,RIGHT,REAR_RIGHT,AR_D,5,work,fastener,ASNA2392-3-04,218,2,2,9,9,LINEAR,CRT,100.000,0.000,206.200,2084.500,3.500,180.000,0.000,77.472,1824.500,N,U,T,0.000,0.000,0.000,3,3
2,REAR,RIGHT,REAR_RIGHT,AR_D,5,work,fastener,ASNA2392-3-04,219,3,3,10,10,LINEAR,CRT,100.000,0.000,182.200,2084.500,3.500,180.000,0.000,77.472,1824.500,N,U,T,0.000,0.000,0.000,3,3
2,REAR,RIGHT,REAR_RIGHT,AR_D,5,work,fastener,ASNA2392-3-04,220,4,4,11,11,LINEAR,CRT,100.000,0.000,158.200,2084.500,3.500,180.000,0.000,77.472,1824.500,N,U,T,0.000,0.000,0.000,3,3
2,REAR,RIGHT,REAR_RIGHT,AR_D,5,work,fastener,ASNA2392-3-04,221,5,5,12,12,LINEAR,CRT,100.000,0.000,134.200,2084.500,3.500,-179.514,-0.871,56.005,1824.500,N,U,T,0.000,0.000,0.000,3,3
2,REAR,RIGHT,REAR_RIGHT,AR_D,5,clearance,rail,E53233046200,2,54,4,7,1,LINEAR,JOINT,250.000,0.000,45.756,53.775,-7.699,44.145,-51.991,-40.823,1824.500,,,,,,,3,3
2,REAR,RIGHT,REAR_RIGHT,AR_D,5,clearance,rail,E53233046200,2,54,4,6,2,LINEAR,JOINT,250.000,100.000,46.641,57.824,-4.711,42.993,-54.764,-47.098,1824.500,,,,,,,3,3
2,REAR,RIGHT,REAR_RIGHT,AR_D,5,clearance,rail,E53233046200,2,54,4,5,3,JOINT,JOINT,25.000,100.000,42.000,44.999,-5.001,36.802,-19.999,-90.002,1824.500,,,,,,,3,3
2,REAR,RIGHT,REAR_RIGHT,AR_D,5,clearance,rail,E53233046200,2,54,4,4,4,JOINT,JOINT,25.000,100.000,32.593,30.198,-28.975,36.782,68.048,-124.532,1824.500,,,,,,,3,3
2,REAR,RIGHT,REAR_RIGHT,AR_D,5,clearance,rail,E53233046200,2,54,4,3,5,LINEAR,JOINT,250.000,100.000,30.607,28.005,-32.332,8.847,79.947,-114.056,1824.500,,,,,,,3,3
2,REAR,RIGHT,REAR_RIGHT,AR_D,5,clearance,rail,E53233046200,2,54,4,2,6,LINEAR,JOINT,250.000,100.000,24.701,25.433,-37.461,-5.516,91.909,-115.838,1824.500,,,,,,,3,3
2,REAR,RIGHT,REAR_RIGHT,AR_D,5,clearance,rail,E53233046200,2,54,4,1,7,LINEAR,JOINT,250.000,0.000,0.000,18.500,-39.000,0.000,106.000,-135.000,1824.500,,,,,,,3,3
2,REAR,LEFT,REAR_LEFT,AR_G,5,station,rail,E53233046200,2,52,2,1,1,JOINT,JOINT,25.000,0.000,0.000,18.500,-39.000,0.000,106.000,-135.000,1532.500,,,,,,,3,3
2,REAR,LEFT,REAR_LEFT,AR_G,5,approach,rail,E53233046200,2,52,2,2,2,LINEAR,JOINT,250.000,100.000,21.488,23.749,-32.425,-12.104,89.347,-116.215,1532.500,,,,,,,3,3
2,REAR,LEFT,REAR_LEFT,AR_G,5,approach,rail,E53233046200,2,52,2,3,3,JOINT,JOINT,25.000,100.000,26.609,27.245,-38.994,-10.655,89.422,-117.790,1532.500,,,,,,,3,3
2,REAR,LEFT,REAR_LEFT,AR_G,5,approach,rail,E53233046200,2,52,2,4,4,JOINT,JOINT,25.000,100.000,24.942,27.617,-27.260,15.637,47.887,-141.247,1532.500,,,,,,,3,3
2,REAR,LEFT,REAR_LEFT,AR_G,5,approach,rail,E53233046200,2,52,2,5,5,JOINT,JOINT,25.000,100.000,26.301,30.406,-13.285,8.679,-9.671,-138.591,1532.500,,,,,,,3,3
2,REAR,LEFT,REAR_LEFT,AR_G,5,approach,rail,E53233046200,2,52,2,6,6,LINEAR,JOINT,250.000,100.000,43.142,45.035,-13.768,46.836,-45.904,-186.998,1532.500,,,,,,,3,3
2,REAR,LEFT,REAR_LEFT,AR_G,5,approach,rail,E53233046200,2,52,2,7,7,LINEAR,JOINT,250.000,0.000,44.729,43.339,-18.454,50.942,-43.969,-209.057,1532.500,,,,,,,3,3
2,REAR,LEFT,REAR_LEFT,AR_G,5,work,fastener,ASNA2392-3-04,185,1,1,8,8,LINEAR,CRT,100.000,0.000,230.200,2057.000,3.500,180.000,0.000,-89.958,1532.500,N,U,T,0.000,0.000,0.000,3,3
2,REAR,LEFT,REAR_LEFT,AR_G,5,work,fastener,ASNA2392-3-04,213,2,2,9,9,LINEAR,CRT,100.000,0.000,206.200,2057.000,3.500,-180.000,0.000,-89.958,1532.500,N,U,T,0.000,0.000,0.000,3,3
2,REAR,LEFT,REAR_LEFT,AR_G,5,work,fastener,ASNA2392-3-04,214,3,3,10,10,LINEAR,CRT,100.000,0.000,182.200,2057.000,3.500,180.000,0.000,-71.296,1532.500,N,U,T,0.000,0.000,0.000,3,3
2,REAR,LEFT,REAR_LEFT,AR_G,5,work,fastener,ASNA2392-3-04,215,4,4,11,11,LINEAR,CRT,100.000,0.000,158.200,2057.000,3.500,-180.000,0.000,-67.149,1532.500,N,U,T,0.000,0.000,0.000,3,3
2,REAR,LEFT,REAR_LEFT,AR_G,5,work,fastener,ASNA2392-3-04,216,5,5,12,12,LINEAR,CRT,100.000,0.000,134.200,2057.000,3.500,-180.000,0.000,-46.630,1532.500,N,U,T,0.000,0.000,0.000,3,3
2,REAR,LEFT,REAR_LEFT,AR_G,5,clearance,rail,E53233046200,2,52,2,7,1,LINEAR,JOINT,250.000,0.000,44.729,43.339,-18.454,50.942,-43.969,-209.057,1532.500,,,,,,,3,3
2,REAR,LEFT,REAR_LEFT,AR_G,5,clearance,rail,E53233046200,2,52,2,6,2,LINEAR,JOINT,250.000,100.000,43.142,45.035,-13.768,46.836,-45.904,-186.998,1532.500,,,,,,,3,3
2,REAR,LEFT,REAR_LEFT,AR_G,5,clearance,rail,E53233046200,2,52,2,5,3,LINEAR,JOINT,250.000,100.000,26.301,30.406,-13.285,8.679,-9.671,-138.591,1532.500,,,,,,,3,3
2,REAR,LEFT,REAR_LEFT,AR_G,5,clearance,rail,E53233046200,2,52,2,4,4,JOINT,JOINT,25.000,100.000,24.942,27.617,-27.260,15.637,47.887,-141.247,1532.500,,,,,,,3,3
2,REAR,LEFT,REAR_LEFT,AR_G,5,clearance,rail,E53233046200,2,52,2,3,5,JOINT,JOINT,25.000,100.000,26.609,27.245,-38.994,-10.655,89.422,-117.790,1532.500,,,,,,,3,3
2,REAR,LEFT,REAR_LEFT,AR_G,5,clearance,rail,E53233046200,2,52,2,2,6,LINEAR,JOINT,250.000,100.000,21.488,23.749,-32.425,-12.104,89.347,-116.215,1532.500,,,,,,,3,3
2,REAR,LEFT,REAR_LEFT,AR_G,5,clearance,rail,E53233046200,2,52,2,1,7,LINEAR,JOINT,250.000,0.000,0.000,18.500,-39.000,0.000,106.000,-135.000,1532.500,,,,,,,3,3
2,FRONT,RIGHT,FRONT_RIGHT,AV_D,5,station,rail,E53233046200,2,53,3,1,1,JOINT,JOINT,25.000,0.000,0.000,18.500,-39.000,0.000,106.000,-135.000,1665.500,,,,,,,3,3
2,FRONT,RIGHT,FRONT_RIGHT,AV_D,5,approach,rail,E53233046200,2,53,3,2,2,LINEAR,JOINT,250.000,100.000,42.134,43.475,-27.402,-9.615,80.721,-100.912,1665.500,,,,,,,3,3
2,FRONT,RIGHT,FRONT_RIGHT,AV_D,5,approach,rail,E53233046200,2,53,3,3,3,LINEAR,JOINT,250.000,100.000,50.047,40.906,-43.856,30.148,68.968,-108.392,1665.500,,,,,,,3,3
2,FRONT,RIGHT,FRONT_RIGHT,AV_D,5,approach,rail,E53233046200,2,53,3,4,4,LINEAR,JOINT,250.000,100.000,58.934,45.602,-58.512,41.627,65.789,-105.445,1665.500,,,,,,,3,3
2,FRONT,RIGHT,FRONT_RIGHT,AV_D,5,approach,rail,E53233046200,2,53,3,5,5,JOINT,JOINT,25.000,100.000,69.500,57.500,-45.201,60.001,-21.700,-110.001,1665.500,,,,,,,3,3
2,FRONT,RIGHT,FRONT_RIGHT,AV_D,5,approach,rail,E53233046200,2,53,3,6,6,JOINT,JOINT,25.000,100.000,75.547,88.413,-37.346,61.964,-57.185,-57.552,1665.500,,,,,,,3,3
2,FRONT,RIGHT,FRONT_RIGHT,AV_D,5,approach,rail,E53233046200,2,53,3,7,7,LINEAR,JOINT,250.000,0.000,73.861,78.726,-44.350,67.103,-53.015,-64.592,1665.500,,,,,,,3,3
2,FRONT,RIGHT,FRONT_RIGHT,AV_D,5,work,fastener,ASNA2392-3-04,222,1,1,8,8,LINEAR,CRT,100.000,0.000,-120.000,2084.500,3.500,-180.000,0.000,90.000,1665.500,N,U,T,0.000,0.000,0.000,3,3
2,FRONT,RIGHT,FRONT_RIGHT,AV_D,5,work,fastener,ASNA2392-3-04,223,2,2,9,9,LINEAR,CRT,100.000,0.000,-96.000,2084.500,3.500,-180.000,0.000,90.000,1665.500,N,U,T,0.000,0.000,0.000,3,3
2,FRONT,RIGHT,FRONT_RIGHT,AV_D,5,work,fastener,ASNA2392-3-04,224,3,3,10,10,LINEAR,CRT,100.000,0.000,-72.000,2084.500,3.500,-180.000,0.000,90.000,1665.500,N,U,T,0.000,0.000,0.000,3,3
2,FRONT,RIGHT,FRONT_RIGHT,AV_D,5,work,fastener,ASNA2392-3-04,225,4,4,11,11,LINEAR,CRT,100.000,0.000,-48.000,2084.500,3.500,-180.000,0.000,90.000,1665.500,N,U,T,0.000,0.000,0.000,3,3
2,FRONT,RIGHT,FRONT_RIGHT,AV_D,5,work,fastener,ASNA2392-3-05,249,5,5,12,12,LINEAR,CRT,100.000,0.000,-24.000,2084.500,5.000,-180.000,0.000,90.000,1665.500,N,U,T,0.000,0.000,0.000,3,3
2,FRONT,RIGHT,FRONT_RIGHT,AV_D,5,work,fastener,ASNA2392-3-05,250,6,6,13,13,LINEAR,CRT,100.000,0.000,0.000,2084.500,5.000,-180.000,0.000,111.773,1665.500,N,U,T,0.000,0.000,0.000,3,3
2,FRONT,RIGHT,FRONT_RIGHT,AV_D,5,clearance,rail,E53233046200,2,53,3,7,1,LINEAR,JOINT,250.000,0.000,73.861,78.726,-44.350,67.103,-53.015,-64.592,1665.500,,,,,,,3,3
2,FRONT,RIGHT,FRONT_RIGHT,AV_D,5,clearance,rail,E53233046200,2,53,3,6,2,LINEAR,JOINT,250.000,100.000,75.547,88.413,-37.346,61.964,-57.185,-57.552,1665.500,,,,,,,3,3
2,FRONT,RIGHT,FRONT_RIGHT,AV_D,5,clearance,rail,E53233046200,2,53,3,5,3,JOINT,JOINT,25.000,100.000,69.500,57.500,-45.201,60.001,-21.700,-110.001,1665.500,,,,,,,3,3
2,FRONT,RIGHT,FRONT_RIGHT,AV_D,5,clearance,rail,E53233046200,2,53,3,4,4,JOINT,JOINT,25.000,100.000,58.934,45.602,-58.512,41.627,65.789,-105.445,1665.500,,,,,,,3,3
2,FRONT,RIGHT,FRONT_RIGHT,AV_D,5,clearance,rail,E53233046200,2,53,3,3,5,LINEAR,JOINT,250.000,100.000,50.047,40.906,-43.856,30.148,68.968,-108.392,1665.500,,,,,,,3,3
2,FRONT,RIGHT,FRONT_RIGHT,AV_D,5,clearance,rail,E53233046200,2,53,3,2,6,LINEAR,JOINT,250.000,100.000,42.134,43.475,-27.402,-9.615,80.721,-100.912,1665.500,,,,,,,3,3
2,FRONT,RIGHT,FRONT_RIGHT,AV_D,5,clearance,rail,E53233046200,2,53,3,1,7,LINEAR,JOINT,250.000,0.000,0.000,18.500,-39.000,0.000,106.000,-135.000,1665.500,,,,,,,3,3
2,FRONT,LEFT,FRONT_LEFT,AV_G,5,station,rail,E53233046200,2,51,1,1,1,JOINT,JOINT,25.000,0.000,0.000,18.500,-39.000,0.000,106.000,-135.000,1424.500,,,,,,,3,3
2,FRONT,LEFT,FRONT_LEFT,AV_G,5,approach,rail,E53233046200,2,51,1,2,2,LINEAR,JOINT,250.000,100.000,28.055,27.868,-31.455,-12.876,88.689,-112.191,1424.500,,,,,,,3,3
2,FRONT,LEFT,FRONT_LEFT,AV_G,5,approach,rail,E53233046200,2,51,1,3,3,LINEAR,JOINT,250.000,100.000,42.687,41.545,-21.781,-7.421,67.357,-100.588,1424.500,,,,,,,3,3
2,FRONT,LEFT,FRONT_LEFT,AV_G,5,approach,rail,E53233046200,2,51,1,4,4,LINEAR,JOINT,250.000,100.000,49.306,40.009,-46.626,45.940,59.844,-114.661,1424.500,,,,,,,3,3
2,FRONT,LEFT,FRONT_LEFT,AV_G,5,approach,rail,E53233046200,2,51,1,5,5,LINEAR,JOINT,250.000,100.000,56.771,47.277,-88.334,33.593,91.121,-85.857,1424.500,,,,,,,3,3
2,FRONT,LEFT,FRONT_LEFT,AV_G,5,approach,rail,E53233046200,2,51,1,6,6,JOINT,JOINT,25.000,100.000,59.557,48.355,-96.871,-2.163,86.874,-149.971,1424.500,,,,,,,3,3
2,FRONT,LEFT,FRONT_LEFT,AV_G,5,approach,rail,E53233046200,2,51,1,7,7,JOINT,JOINT,25.000,100.000,68.711,59.803,-58.264,-98.099,46.134,-92.171,1424.500,,,,,,,3,3
2,FRONT,LEFT,FRONT_LEFT,AV_G,5,approach,rail,E53233046200,2,51,1,8,8,LINEAR,JOINT,250.000,0.000,68.990,58.214,-64.250,-92.552,45.710,-100.488,1424.500,,,,,,,3,3
2,FRONT,LEFT,FRONT_LEFT,AV_G,5,work,fastener,ASNA2392-3-04,229,1,1,8,8,LINEAR,CRT,100.000,0.000,-120.000,2057.000,3.500,180.000,0.000,-89.961,1424.500,F,U,T,0.000,0.000,0.000,3,3
2,FRONT,LEFT,FRONT_LEFT,AV_G,5,work,fastener,ASNA2392-3-04,228,2,2,9,9,LINEAR,CRT,100.000,0.000,-96.000,2057.000,3.500,-180.000,0.000,-89.961,1424.500,F,U,T,0.000,0.000,0.000,3,3
2,FRONT,LEFT,FRONT_LEFT,AV_G,5,work,fastener,ASNA2392-3-04,227,3,3,10,10,LINEAR,CRT,100.000,0.000,-72.000,2057.000,3.500,-180.000,0.000,-89.961,1424.500,F,U,T,0.000,0.000,0.000,3,3
2,FRONT,LEFT,FRONT_LEFT,AV_G,5,work,fastener,ASNA2392-3-04,226,4,4,11,11,LINEAR,CRT,100.000,0.000,-48.000,2057.000,3.500,-180.000,0.000,-89.961,1424.500,F,U,T,0.000,0.000,0.000,3,3
2,FRONT,LEFT,FRONT_LEFT,AV_G,5,work,fastener,ASNA2392-3-05,246,5,5,12,12,LINEAR,CRT,100.000,0.000,-24.000,2057.000,5.000,-180.000,0.000,-90.000,1424.500,F,U,T,0.000,0.000,0.000,3,3
2,FRONT,LEFT,FRONT_LEFT,AV_G,5,work,fastener,ASNA2392-3-05,245,6,6,13,13,LINEAR,CRT,100.000,0.000,0.000,2057.000,5.000,-180.000,0.000,-90.000,1424.500,F,U,T,0.000,0.000,0.000,3,3
2,FRONT,LEFT,FRONT_LEFT,AV_G,5,clearance,rail,E53233046200,2,51,1,8,1,LINEAR,JOINT,250.000,0.000,68.990,58.214,-64.250,-92.552,45.710,-100.488,1424.500,,,,,,,3,3
2,FRONT,LEFT,FRONT_LEFT,AV_G,5,clearance,rail,E53233046200,2,51,1,7,2,LINEAR,JOINT,250.000,100.000,68.711,59.803,-58.264,-98.099,46.134,-92.171,1424.500,,,,,,,3,3
2,FRONT,LEFT,FRONT_LEFT,AV_G,5,clearance,rail,E53233046200,2,51,1,6,3,JOINT,JOINT,25.000,100.000,59.557,48.355,-96.871,-2.163,86.874,-149.971,1424.500,,,,,,,3,3
2,FRONT,LEFT,FRONT_LEFT,AV_G,5,clearance,rail,E53233046200,2,51,1,5,4,JOINT,JOINT,25.000,100.000,56.771,47.277,-88.334,33.593,91.121,-85.857,1424.500,,,,,,,3,3
2,FRONT,LEFT,FRONT_LEFT,AV_G,5,clearance,rail,E53233046200,2,51,1,4,5,LINEAR,JOINT,250.000,100.000,49.306,40.009,-46.626,45.940,59.844,-114.661,1424.500,,,,,,,3,3
2,FRONT,LEFT,FRONT_LEFT,AV_G,5,clearance,rail,E53233046200,2,51,1,3,6,LINEAR,JOINT,250.000,100.000,42.687,41.545,-21.781,-7.421,67.357,-100.588,1424.500,,,,,,,3,3
2,FRONT,LEFT,FRONT_LEFT,AV_G,5,clearance,rail,E53233046200,2,51,1,2,7,LINEAR,JOINT,250.000,100.000,28.055,27.868,-31.455,-12.876,88.689,-112.191,1424.500,,,,,,,3,3
2,FRONT,LEFT,FRONT_LEFT,AV_G,5,clearance,rail,E53233046200,2,51,1,1,8,LINEAR,JOINT,250.000,0.000,0.000,18.500,-39.000,0.000,106.000,-135.000,1424.500,,,,,,,3,3
3,REAR,RIGHT,REAR_RIGHT,AR_D,4,station,rail,E53233024200,3,44,4,1,1,JOINT,JOINT,25.000,0.000,0.000,18.500,-39.000,0.000,106.000,-135.000,1313.500,,,,,,,3,3
3,REAR,RIGHT,REAR_RIGHT,AR_D,4,approach,rail,E53233024200,3,44,4,2,2,LINEAR,JOINT,250.000,100.000,24.701,25.433,-37.461,-5.516,91.909,-115.838,1313.500,,,,,,,3,3
3,REAR,RIGHT,REAR_RIGHT,AR_D,4,approach,rail,E53233024200,3,44,4,3,3,LINEAR,JOINT,250.000,100.000,30.607,28.005,-32.332,8.847,79.947,-114.056,1313.500,,,,,,,3,3
3,REAR,RIGHT,REAR_RIGHT,AR_D,4,approach,rail,E53233024200,3,44,4,4,4,LINEAR,JOINT,250.000,100.000,32.593,30.198,-28.975,36.782,68.048,-124.532,1313.500,,,,,,,3,3
3,REAR,RIGHT,REAR_RIGHT,AR_D,4,approach,rail,E53233024200,3,44,4,5,5,JOINT,JOINT,25.000,100.000,42.000,44.999,-5.001,36.802,-19.999,-90.002,1313.500,,,,,,,3,3
3,REAR,RIGHT,REAR_RIGHT,AR_D,4,approach,rail,E53233024200,3,44,4,6,6,JOINT,JOINT,25.000,100.000,46.641,57.824,-4.711,42.993,-54.764,-47.098,1313.500,,,,,,,3,3
3,REAR,RIGHT,REAR_RIGHT,AR_D,4,approach,rail,E53233024200,3,44,4,7,7,LINEAR,JOINT,250.000,0.000,45.756,53.775,-7.699,44.145,-51.991,-40.823,1313.500,,,,,,,3,3
3,REAR,RIGHT,REAR_RIGHT,AR_D,4,work,fastener,ASNA2392-3-03,18,1,1,8,8,LINEAR,CRT,100.000,0.000,178.700,1570.700,1.400,-180.000,0.000,90.000,1313.500,N,U,T,0.000,0.000,0.000,3,3
3,REAR,RIGHT,REAR_RIGHT,AR_D,4,work,fastener,ASNA2392-3-03,19,2,2,9,9,LINEAR,CRT,100.000,0.000,148.700,1570.700,1.400,-180.000,0.000,70.000,1313.500,N,U,T,0.000,0.000,0.000,3,3
3,REAR,RIGHT,REAR_RIGHT,AR_D,4,work,fastener,ASNA2392-3-03,20,3,3,10,10,LINEAR,CRT,100.000,0.000,118.653,1570.700,1.400,-180.000,0.000,50.000,1313.500,N,U,T,0.000,0.000,0.000,3,3
3,REAR,RIGHT,REAR_RIGHT,AR_D,4,clearance,rail,E53233024200,3,44,4,7,1,LINEAR,JOINT,250.000,0.000,45.756,53.775,-7.699,44.145,-51.991,-40.823,1313.500,,,,,,,3,3
3,REAR,RIGHT,REAR_RIGHT,AR_D,4,clearance,rail,E53233024200,3,44,4,6,2,LINEAR,JOINT,250.000,100.000,46.641,57.824,-4.711,42.993,-54.764,-47.098,1313.500,,,,,,,3,3
3,REAR,RIGHT,REAR_RIGHT,AR_D,4,clearance,rail,E53233024200,3,44,4,5,3,JOINT,JOINT,25.000,100.000,42.000,44.999,-5.001,36.802,-19.999,-90.002,1313.500,,,,,,,3,3
3,REAR,RIGHT,REAR_RIGHT,AR_D,4,clearance,rail,E53233024200,3,44,4,4,4,JOINT,JOINT,25.000,100.000,32.593,30.198,-28.975,36.782,68.048,-124.532,1313.500,,,,,,,3,3
3,REAR,RIGHT,REAR_RIGHT,AR_D,4,clearance,rail,E53233024200,3,44,4,3,5,LINEAR,JOINT,250.000,100.000,30.607,28.005,-32.332,8.847,79.947,-114.056,1313.500,,,,,,,3,3
3,REAR,RIGHT,REAR_RIGHT,AR_D,4,clearance,rail,E53233024200,3,44,4,2,6,LINEAR,JOINT,250.000,100.000,24.701,25.433,-37.461,-5.516,91.909,-115.838,1313.500,,,,,,,3,3
3,REAR,RIGHT,REAR_RIGHT,AR_D,4,clearance,rail,E53233024200,3,44,4,1,7,LINEAR,JOINT,250.000,0.000,0.000,18.500,-39.000,0.000,106.000,-135.000,1313.500,,,,,,,3,3
3,REAR,LEFT,REAR_LEFT,AR_G,4,station,rail,E53233024200,3,42,2,1,1,JOINT,JOINT,25.000,0.000,0.000,18.500,-39.000,0.000,106.000,-135.000,1021.500,,,,,,,3,3
3,REAR,LEFT,REAR_LEFT,AR_G,4,approach,rail,E53233024200,3,42,2,2,2,LINEAR,JOINT,250.000,100.000,21.488,23.749,-32.425,-12.104,89.347,-116.215,1021.500,,,,,,,3,3
3,REAR,LEFT,REAR_LEFT,AR_G,4,approach,rail,E53233024200,3,42,2,3,3,JOINT,JOINT,25.000,100.000,26.609,27.245,-38.994,-10.655,89.422,-117.790,1021.500,,,,,,,3,3
3,REAR,LEFT,REAR_LEFT,AR_G,4,approach,rail,E53233024200,3,42,2,4,4,JOINT,JOINT,25.000,100.000,24.942,27.617,-27.260,15.637,47.887,-141.247,1021.500,,,,,,,3,3
3,REAR,LEFT,REAR_LEFT,AR_G,4,approach,rail,E53233024200,3,42,2,5,5,JOINT,JOINT,25.000,100.000,26.301,30.406,-13.285,8.679,-9.671,-138.591,1021.500,,,,,,,3,3
3,REAR,LEFT,REAR_LEFT,AR_G,4,approach,rail,E53233024200,3,42,2,6,6,LINEAR,JOINT,250.000,100.000,43.142,45.035,-13.768,46.836,-45.904,-186.998,1021.500,,,,,,,3,3
3,REAR,LEFT,REAR_LEFT,AR_G,4,approach,rail,E53233024200,3,42,2,7,7,LINEAR,JOINT,250.000,0.000,44.729,43.339,-18.454,50.942,-43.969,-209.057,1021.500,,,,,,,3,3
3,REAR,LEFT,REAR_LEFT,AR_G,4,work,fastener,ASNA2392-3-03,15,1,1,8,8,LINEAR,CRT,100.000,0.000,178.700,1548.700,1.400,-180.000,0.000,-90.000,1021.500,N,U,T,0.000,0.000,0.000,3,3
3,REAR,LEFT,REAR_LEFT,AR_G,4,work,fastener,ASNA2392-3-03,16,2,2,9,9,LINEAR,CRT,100.000,0.000,148.700,1548.700,1.400,-180.000,0.000,-70.000,1021.500,N,U,T,0.000,0.000,0.000,3,3
3,REAR,LEFT,REAR_LEFT,AR_G,4,work,fastener,ASNA2392-3-03,17,3,3,10,10,LINEAR,CRT,100.000,0.000,118.653,1548.700,1.400,-180.000,0.000,-50.000,1021.500,N,U,T,0.000,0.000,0.000,3,3
3,REAR,LEFT,REAR_LEFT,AR_G,4,clearance,rail,E53233024200,3,42,2,7,1,LINEAR,JOINT,250.000,0.000,44.729,43.339,-18.454,50.942,-43.969,-209.057,1021.500,,,,,,,3,3
3,REAR,LEFT,REAR_LEFT,AR_G,4,clearance,rail,E53233024200,3,42,2,6,2,LINEAR,JOINT,250.000,100.000,43.142,45.035,-13.768,46.836,-45.904,-186.998,1021.500,,,,,,,3,3
3,REAR,LEFT,REAR_LEFT,AR_G,4,clearance,rail,E53233024200,3,42,2,5,3,LINEAR,JOINT,250.000,100.000,26.301,30.406,-13.285,8.679,-9.671,-138.591,1021.500,,,,,,,3,3
3,REAR,LEFT,REAR_LEFT,AR_G,4,clearance,rail,E53233024200,3,42,2,4,4,JOINT,JOINT,25.000,100.000,24.942,27.617,-27.260,15.637,47.887,-141.247,1021.500,,,,,,,3,3
3,REAR,LEFT,REAR_LEFT,AR_G,4,clearance,rail,E53233024200,3,42,2,3,5,JOINT,JOINT,25.000,100.000,26.609,27.245,-38.994,-10.655,89.422,-117.790,1021.500,,,,,,,3,3
3,REAR,LEFT,REAR_LEFT,AR_G,4,clearance,rail,E53233024200,3,42,2,2,6,LINEAR,JOINT,250.000,100.000,21.488,23.749,-32.425,-12.104,89.347,-116.215,1021.500,,,,,,,3,3
3,REAR,LEFT,REAR_LEFT,AR_G,4,clearance,rail,E53233024200,3,42,2,1,7,LINEAR,JOINT,250.000,0.000,0.000,18.500,-39.000,0.000,106.000,-135.000,1021.500,,,,,,,3,3
3,FRONT,RIGHT,FRONT_RIGHT,AV_D,4,station,rail,E53233024200,3,43,3,1,1,JOINT,JOINT,25.000,0.000,0.000,18.500,-39.000,0.000,106.000,-135.000,1154.500,,,,,,,3,3
3,FRONT,RIGHT,FRONT_RIGHT,AV_D,4,approach,rail,E53233024200,3,43,3,2,2,LINEAR,JOINT,250.000,100.000,42.134,43.475,-27.402,-9.615,80.721,-100.912,1154.500,,,,,,,3,3
3,FRONT,RIGHT,FRONT_RIGHT,AV_D,4,approach,rail,E53233024200,3,43,3,3,3,LINEAR,JOINT,250.000,100.000,50.047,40.906,-43.856,30.148,68.968,-108.392,1154.500,,,,,,,3,3
3,FRONT,RIGHT,FRONT_RIGHT,AV_D,4,approach,rail,E53233024200,3,43,3,4,4,LINEAR,JOINT,250.000,100.000,58.934,45.602,-58.512,41.627,65.789,-105.445,1154.500,,,,,,,3,3
3,FRONT,RIGHT,FRONT_RIGHT,AV_D,4,approach,rail,E53233024200,3,43,3,5,5,JOINT,JOINT,25.000,100.000,69.500,57.500,-45.201,60.001,-21.700,-110.001,1154.500,,,,,,,3,3
3,FRONT,RIGHT,FRONT_RIGHT,AV_D,4,approach,rail,E53233024200,3,43,3,6,6,JOINT,JOINT,25.000,100.000,75.547,88.413,-37.346,61.964,-57.185,-57.552,1154.500,,,,,,,3,3
3,FRONT,RIGHT,FRONT_RIGHT,AV_D,4,approach,rail,E53233024200,3,43,3,7,7,LINEAR,JOINT,250.000,0.000,73.861,78.726,-44.350,67.103,-53.015,-64.592,1154.500,,,,,,,3,3
3,FRONT,RIGHT,FRONT_RIGHT,AV_D,4,work,fastener,ASNA2392-3-03,33,1,1,8,8,LINEAR,CRT,100.000,0.000,-34.200,1570.700,1.400,-180.000,0.000,90.000,1154.500,N,U,T,0.000,0.000,0.000,3,3
3,FRONT,RIGHT,FRONT_RIGHT,AV_D,4,work,fastener,ASNA2392-3-03,34,2,2,9,9,LINEAR,CRT,100.000,0.000,-9.400,1570.700,1.400,-180.000,0.000,90.000,1154.500,N,U,T,0.000,0.000,0.000,3,3
3,FRONT,RIGHT,FRONT_RIGHT,AV_D,4,clearance,rail,E53233024200,3,43,3,7,1,LINEAR,JOINT,250.000,0.000,73.861,78.726,-44.350,67.103,-53.015,-64.592,1154.500,,,,,,,3,3
3,FRONT,RIGHT,FRONT_RIGHT,AV_D,4,clearance,rail,E53233024200,3,43,3,6,2,LINEAR,JOINT,250.000,100.000,75.547,88.413,-37.346,61.964,-57.185,-57.552,1154.500,,,,,,,3,3
3,FRONT,RIGHT,FRONT_RIGHT,AV_D,4,clearance,rail,E53233024200,3,43,3,5,3,JOINT,JOINT,25.000,100.000,69.500,57.500,-45.201,60.001,-21.700,-110.001,1154.500,,,,,,,3,3
3,FRONT,RIGHT,FRONT_RIGHT,AV_D,4,clearance,rail,E53233024200,3,43,3,4,4,JOINT,JOINT,25.000,100.000,58.934,45.602,-58.512,41.627,65.789,-105.445,1154.500,,,,,,,3,3
3,FRONT,RIGHT,FRONT_RIGHT,AV_D,4,clearance,rail,E53233024200,3,43,3,3,5,LINEAR,JOINT,250.000,100.000,50.047,40.906,-43.856,30.148,68.968,-108.392,1154.500,,,,,,,3,3
3,FRONT,RIGHT,FRONT_RIGHT,AV_D,4,clearance,rail,E53233024200,3,43,3,2,6,LINEAR,JOINT,250.000,100.000,42.134,43.475,-27.402,-9.615,80.721,-100.912,1154.500,,,,,,,3,3
3,FRONT,RIGHT,FRONT_RIGHT,AV_D,4,clearance,rail,E53233024200,3,43,3,1,7,LINEAR,JOINT,250.000,0.000,0.000,18.500,-39.000,0.000,106.000,-135.000,1154.500,,,,,,,3,3
3,FRONT,LEFT,FRONT_LEFT,AV_G,4,station,rail,E53233024200,3,41,1,1,1,JOINT,JOINT,25.000,0.000,0.000,18.500,-39.000,0.000,106.000,-135.000,913.500,,,,,,,3,3
3,FRONT,LEFT,FRONT_LEFT,AV_G,4,approach,rail,E53233024200,3,41,1,2,2,LINEAR,JOINT,250.000,100.000,28.055,27.868,-31.455,-12.876,88.689,-112.191,913.500,,,,,,,3,3
3,FRONT,LEFT,FRONT_LEFT,AV_G,4,approach,rail,E53233024200,3,41,1,3,3,LINEAR,JOINT,250.000,100.000,42.687,41.545,-21.781,-7.421,67.357,-100.588,913.500,,,,,,,3,3
3,FRONT,LEFT,FRONT_LEFT,AV_G,4,approach,rail,E53233024200,3,41,1,4,4,LINEAR,JOINT,250.000,100.000,49.306,40.009,-46.626,45.940,59.844,-114.661,913.500,,,,,,,3,3
3,FRONT,LEFT,FRONT_LEFT,AV_G,4,approach,rail,E53233024200,3,41,1,5,5,LINEAR,JOINT,250.000,100.000,56.771,47.277,-88.334,33.593,91.121,-85.857,913.500,,,,,,,3,3
3,FRONT,LEFT,FRONT_LEFT,AV_G,4,approach,rail,E53233024200,3,41,1,6,6,JOINT,JOINT,25.000,100.000,59.557,48.355,-96.871,-2.163,86.874,-149.971,913.500,,,,,,,3,3
3,FRONT,LEFT,FRONT_LEFT,AV_G,4,approach,rail,E53233024200,3,41,1,7,7,JOINT,JOINT,25.000,100.000,68.711,59.803,-58.264,-98.099,46.134,-92.171,913.500,,,,,,,3,3
3,FRONT,LEFT,FRONT_LEFT,AV_G,4,approach,rail,E53233024200,3,41,1,8,8,LINEAR,JOINT,250.000,0.000,68.990,58.214,-64.250,-92.552,45.710,-100.488,913.500,,,,,,,3,3
3,FRONT,LEFT,FRONT_LEFT,AV_G,4,work,fastener,ASNA2392-3-03,38,1,1,8,8,LINEAR,CRT,100.000,0.000,-34.263,1548.700,1.400,-180.000,0.000,-90.000,913.500,F,U,T,0.000,0.000,0.000,3,3
3,FRONT,LEFT,FRONT_LEFT,AV_G,4,work,fastener,ASNA2392-3-03,37,2,2,9,9,LINEAR,CRT,100.000,0.000,-9.417,1548.700,1.400,-180.000,0.000,-90.000,913.500,F,U,T,0.000,0.000,0.000,3,3
3,FRONT,LEFT,FRONT_LEFT,AV_G,4,clearance,rail,E53233024200,3,41,1,8,1,LINEAR,JOINT,250.000,0.000,68.990,58.214,-64.250,-92.552,45.710,-100.488,913.500,,,,,,,3,3
3,FRONT,LEFT,FRONT_LEFT,AV_G,4,clearance,rail,E53233024200,3,41,1,7,2,LINEAR,JOINT,250.000,100.000,68.711,59.803,-58.264,-98.099,46.134,-92.171,913.500,,,,,,,3,3
3,FRONT,LEFT,FRONT_LEFT,AV_G,4,clearance,rail,E53233024200,3,41,1,6,3,JOINT,JOINT,25.000,100.000,59.557,48.355,-96.871,-2.163,86.874,-149.971,913.500,,,,,,,3,3
3,FRONT,LEFT,FRONT_LEFT,AV_G,4,clearance,rail,E53233024200,3,41,1,5,4,JOINT,JOINT,25.000,100.000,56.771,47.277,-88.334,33.593,91.121,-85.857,913.500,,,,,,,3,3
3,FRONT,LEFT,FRONT_LEFT,AV_G,4,clearance,rail,E53233024200,3,41,1,4,5,LINEAR,JOINT,250.000,100.000,49.306,40.009,-46.626,45.940,59.844,-114.661,913.500,,,,,,,3,3
3,FRONT,LEFT,FRONT_LEFT,AV_G,4,clearance,rail,E53233024200,3,41,1,3,6,LINEAR,JOINT,250.000,100.000,42.687,41.545,-21.781,-7.421,67.357,-100.588,913.500,,,,,,,3,3
3,FRONT,LEFT,FRONT_LEFT,AV_G,4,clearance,rail,E53233024200,3,41,1,2,7,LINEAR,JOINT,250.000,100.000,28.055,27.868,-31.455,-12.876,88.689,-112.191,913.500,,,,,,,3,3
3,FRONT,LEFT,FRONT_LEFT,AV_G,4,clearance,rail,E53233024200,3,41,1,1,8,LINEAR,JOINT,250.000,0.000,0.000,18.500,-39.000,0.000,106.000,-135.000,913.500,,,,,,,3,3
4,REAR,RIGHT,REAR_RIGHT,AR_D,3,station,rail,E53233025200,4,33,3,1,1,JOINT,JOINT,25.000,0.000,0.000,18.500,-39.000,0.000,106.000,-135.000,1670.500,,,,,,,3,3
4,REAR,RIGHT,REAR_RIGHT,AR_D,3,approach,rail,E53233025200,4,33,3,2,2,LINEAR,JOINT,250.000,100.000,-34.641,33.135,-28.976,19.071,89.085,-145.354,1670.500,,,,,,,3,3
4,REAR,RIGHT,REAR_RIGHT,AR_D,3,approach,rail,E53233025200,4,33,3,3,3,JOINT,JOINT,25.000,100.000,-40.309,33.547,-19.725,90.263,60.291,-145.817,1670.500,,,,,,,3,3
4,REAR,RIGHT,REAR_RIGHT,AR_D,3,approach,rail,E53233025200,4,33,3,4,4,JOINT,JOINT,25.000,100.000,-39.803,39.597,-15.595,133.253,42.252,-95.133,1670.500,,,,,,,3,3
4,REAR,RIGHT,REAR_RIGHT,AR_D,3,approach,rail,E53233025200,4,33,3,5,5,LINEAR,JOINT,250.000,0.000,-43.069,38.423,-22.247,126.214,40.419,-57.885,1670.500,,,,,,,3,3
4,REAR,RIGHT,REAR_RIGHT,AR_D,3,work,fastener,ASNA2392-3-03,26,1,1,8,8,LINEAR,CRT,100.000,0.000,178.700,1062.700,1.400,-180.000,0.000,90.000,1670.500,F,U,T,0.000,0.000,0.000,3,3
4,REAR,RIGHT,REAR_RIGHT,AR_D,3,work,fastener,ASNA2392-3-03,25,2,2,9,9,LINEAR,CRT,100.000,0.000,148.700,1062.700,1.400,-180.000,0.000,70.000,1670.500,F,U,T,0.000,0.000,0.000,3,3
4,REAR,RIGHT,REAR_RIGHT,AR_D,3,work,fastener,ASNA2392-3-03,24,3,3,10,10,LINEAR,CRT,100.000,0.000,118.653,1062.700,1.400,-180.000,0.000,50.000,1670.500,F,U,T,0.000,0.000,0.000,3,3
4,REAR,RIGHT,REAR_RIGHT,AR_D,3,clearance,rail,E53233025200,4,33,3,5,1,LINEAR,JOINT,250.000,100.000,-43.069,38.423,-22.247,126.214,40.419,-57.885,1670.500,,,,,,,3,3
4,REAR,RIGHT,REAR_RIGHT,AR_D,3,clearance,rail,E53233025200,4,33,3,4,2,LINEAR,JOINT,250.000,100.000,-39.803,39.597,-15.595,133.253,42.252,-95.133,1670.500,,,,,,,3,3
4,REAR,RIGHT,REAR_RIGHT,AR_D,3,clearance,rail,E53233025200,4,33,3,3,3,JOINT,JOINT,25.000,100.000,-40.309,33.547,-19.725,90.263,60.291,-145.817,1670.500,,,,,,,3,3
4,REAR,RIGHT,REAR_RIGHT,AR_D,3,clearance,rail,E53233025200,4,33,3,2,4,JOINT,JOINT,25.000,100.000,-34.641,33.135,-28.976,19.071,89.085,-145.354,1670.500,,,,,,,3,3
4,REAR,RIGHT,REAR_RIGHT,AR_D,3,clearance,rail,E53233025200,4,33,3,1,5,LINEAR,JOINT,250.000,0.000,0.000,18.500,-39.000,0.000,106.000,-135.000,1670.500,,,,,,,3,3
4,REAR,LEFT,REAR_LEFT,AR_G,3,station,rail,E53233025200,4,31,1,1,1,JOINT,JOINT,25.000,0.000,0.000,18.500,-39.000,0.000,106.000,-135.000,1391.500,,,,,,,3,3
4,REAR,LEFT,REAR_LEFT,AR_G,3,approach,rail,E53233025200,4,31,1,2,2,LINEAR,JOINT,250.000,100.000,-22.848,23.132,-37.634,.989,90.853,-145.373,1391.500,,,,,,,3,3
4,REAR,LEFT,REAR_LEFT,AR_G,3,approach,rail,E53233025200,4,31,1,3,3,LINEAR,JOINT,250.000,100.000,-37.775,29.030,-37.321,-9.572,81.343,-135.109,1391.500,,,,,,,3,3
4,REAR,LEFT,REAR_LEFT,AR_G,3,approach,rail,E53233025200,4,31,1,4,4,JOINT,JOINT,25.000,100.000,-40.500,33.000,-27.300,-30.001,20.001,-89.999,1391.500,,,,,,,3,3
4,REAR,LEFT,REAR_LEFT,AR_G,3,approach,rail,E53233025200,4,31,1,5,5,JOINT,JOINT,25.000,100.000,-48.645,54.798,-2.059,-42.652,-58.068,-59.790,1391.500,,,,,,,3,3
4,REAR,LEFT,REAR_LEFT,AR_G,3,approach,rail,E53233025200,4,31,1,6,6,LINEAR,JOINT,250.000,100.000,-45.734,55.755,-5.513,-42.992,-53.561,-59.528,1391.500,,,,,,,3,3
4,REAR,LEFT,REAR_LEFT,AR_G,3,approach,rail,E53233025200,4,31,1,7,7,LINEAR,JOINT,250.000,0.000,-42.628,44.893,-13.156,-46.193,-45.962,-55.366,1391.500,,,,,,,3,3
4,REAR,LEFT,REAR_LEFT,AR_G,3,work,fastener,ASNA2392-3-03,21,1,1,8,8,LINEAR,CRT,100.000,0.000,178.700,1040.700,1.400,-180.000,0.000,-90.000,1391.500,N,U,T,0.000,0.000,0.000,3,3
4,REAR,LEFT,REAR_LEFT,AR_G,3,work,fastener,ASNA2392-3-03,23,2,2,9,9,LINEAR,CRT,100.000,0.000,148.700,1040.700,1.400,-180.000,0.000,-70.000,1391.500,N,U,T,0.000,0.000,0.000,3,3
4,REAR,LEFT,REAR_LEFT,AR_G,3,work,fastener,ASNA2392-3-03,22,3,3,10,10,LINEAR,CRT,100.000,0.000,118.653,1040.700,1.400,-180.000,0.000,-50.000,1391.500,N,U,T,0.000,0.000,0.000,3,3
4,REAR,LEFT,REAR_LEFT,AR_G,3,clearance,rail,E53233025200,4,31,1,7,1,LINEAR,JOINT,250.000,0.000,-42.628,44.893,-13.156,-46.193,-45.962,-55.366,1391.500,,,,,,,3,3
4,REAR,LEFT,REAR_LEFT,AR_G,3,clearance,rail,E53233025200,4,31,1,6,2,LINEAR,JOINT,250.000,100.000,-45.734,55.755,-5.513,-42.992,-53.561,-59.528,1391.500,,,,,,,3,3
4,REAR,LEFT,REAR_LEFT,AR_G,3,clearance,rail,E53233025200,4,31,1,5,3,LINEAR,JOINT,250.000,100.000,-48.645,54.798,-2.059,-42.652,-58.068,-59.790,1391.500,,,,,,,3,3
4,REAR,LEFT,REAR_LEFT,AR_G,3,clearance,rail,E53233025200,4,31,1,4,4,JOINT,JOINT,25.000,100.000,-40.500,33.000,-27.300,-30.001,20.001,-89.999,1391.500,,,,,,,3,3
4,REAR,LEFT,REAR_LEFT,AR_G,3,clearance,rail,E53233025200,4,31,1,3,5,JOINT,JOINT,25.000,100.000,-37.775,29.030,-37.321,-9.572,81.343,-135.109,1391.500,,,,,,,3,3
4,REAR,LEFT,REAR_LEFT,AR_G,3,clearance,rail,E53233025200,4,31,1,2,6,LINEAR,JOINT,250.000,100.000,-22.848,23.132,-37.634,.989,90.853,-145.373,1391.500,,,,,,,3,3
4,REAR,LEFT,REAR_LEFT,AR_G,3,clearance,rail,E53233025200,4,31,1,1,7,LINEAR,JOINT,250.000,0.000,0.000,18.500,-39.000,0.000,106.000,-135.000,1391.500,,,,,,,3,3
4,FRONT,RIGHT,FRONT_RIGHT,AV_D,3,station,rail,E53233025200,4,34,4,1,1,JOINT,JOINT,25.000,0.000,0.000,18.500,-39.000,0.000,106.000,-135.000,1797.500,,,,,,,3,3
4,FRONT,RIGHT,FRONT_RIGHT,AV_D,3,approach,rail,E53233025200,4,34,4,2,2,LINEAR,JOINT,250.000,100.000,-34.368,33.152,-26.492,18.937,86.581,-140.295,1797.500,,,,,,,3,3
4,FRONT,RIGHT,FRONT_RIGHT,AV_D,3,approach,rail,E53233025200,4,34,4,3,3,JOINT,JOINT,25.000,100.000,-33.700,35.500,-26.999,-54.500,64.700,-138.000,1797.500,,,,,,,3,3
4,FRONT,RIGHT,FRONT_RIGHT,AV_D,3,approach,rail,E53233025200,4,34,4,4,4,LINEAR,JOINT,250.000,100.000,-42.000,32.300,-54.399,-52.700,69.999,-140.000,1797.500,,,,,,,3,3
4,FRONT,RIGHT,FRONT_RIGHT,AV_D,3,approach,rail,E53233025200,4,34,4,5,5,LINEAR,JOINT,250.000,100.000,-46.970,36.832,-76.033,-45.103,82.998,-139.811,1797.500,,,,,,,3,3
4,FRONT,RIGHT,FRONT_RIGHT,AV_D,3,approach,rail,E53233025200,4,34,4,6,6,JOINT,JOINT,25.000,100.000,-46.531,41.460,-75.661,-52.125,36.892,-135.034,1797.500,,,,,,,3,3
4,FRONT,RIGHT,FRONT_RIGHT,AV_D,3,approach,rail,E53233025200,4,34,4,7,7,JOINT,JOINT,25.000,100.000,-65.000,50.000,-64.999,-59.899,-20.000,-140.001,1797.500,,,,,,,3,3
4,FRONT,RIGHT,FRONT_RIGHT,AV_D,3,approach,rail,E53233025200,4,34,4,8,8,JOINT,JOINT,25.000,100.000,-70.167,61.695,-60.649,-82.997,-46.554,-174.426,1797.500,,,,,,,3,3
4,FRONT,RIGHT,FRONT_RIGHT,AV_D,3,approach,rail,E53233025200,4,34,4,9,9,LINEAR,JOINT,250.000,0.000,-71.259,66.203,-55.433,-77.410,-48.014,-181.289,1797.500,,,,,,,3,3
4,FRONT,RIGHT,FRONT_RIGHT,AV_D,3,work,fastener,ASNA2392-3-03,32,1,1,8,8,LINEAR,CRT,100.000,0.000,-34.200,1062.700,1.400,-180.000,0.000,90.000,1797.500,N,U,T,0.000,0.000,0.000,3,3
4,FRONT,RIGHT,FRONT_RIGHT,AV_D,3,work,fastener,ASNA2392-3-03,31,2,2,9,9,LINEAR,CRT,100.000,0.000,-9.400,1062.700,1.400,-180.000,0.000,90.000,1797.500,N,U,T,0.000,0.000,0.000,3,3
4,FRONT,RIGHT,FRONT_RIGHT,AV_D,3,clearance,rail,E53233025200,4,34,4,9,1,LINEAR,JOINT,250.000,0.000,-71.259,66.203,-55.433,-77.410,-48.014,-181.289,1797.500,,,,,,,3,3
4,FRONT,RIGHT,FRONT_RIGHT,AV_D,3,clearance,rail,E53233025200,4,34,4,8,2,LINEAR,JOINT,250.000,100.000,-70.167,61.695,-60.649,-82.997,-46.554,-174.426,1797.500,,,,,,,3,3
4,FRONT,RIGHT,FRONT_RIGHT,AV_D,3,clearance,rail,E53233025200,4,34,4,7,3,JOINT,JOINT,25.000,100.000,-65.000,50.000,-64.999,-59.899,-20.000,-140.001,1797.500,,,,,,,3,3
4,FRONT,RIGHT,FRONT_RIGHT,AV_D,3,clearance,rail,E53233025200,4,34,4,6,4,JOINT,JOINT,25.000,100.000,-46.531,41.460,-75.661,-52.125,36.892,-135.034,1797.500,,,,,,,3,3
4,FRONT,RIGHT,FRONT_RIGHT,AV_D,3,clearance,rail,E53233025200,4,34,4,5,5,JOINT,JOINT,25.000,100.000,-46.970,36.832,-76.033,-45.103,82.998,-139.811,1797.500,,,,,,,3,3
4,FRONT,RIGHT,FRONT_RIGHT,AV_D,3,clearance,rail,E53233025200,4,34,4,4,6,LINEAR,JOINT,250.000,100.000,-42.000,32.300,-54.399,-52.700,69.999,-140.000,1797.500,,,,,,,3,3
4,FRONT,RIGHT,FRONT_RIGHT,AV_D,3,clearance,rail,E53233025200,4,34,4,3,7,LINEAR,JOINT,250.000,100.000,-33.700,35.500,-26.999,-54.500,64.700,-138.000,1797.500,,,,,,,3,3
4,FRONT,RIGHT,FRONT_RIGHT,AV_D,3,clearance,rail,E53233025200,4,34,4,2,8,JOINT,JOINT,25.000,100.000,-34.368,33.152,-26.492,18.937,86.581,-140.295,1797.500,,,,,,,3,3
4,FRONT,RIGHT,FRONT_RIGHT,AV_D,3,clearance,rail,E53233025200,4,34,4,1,9,LINEAR,JOINT,250.000,0.000,0.000,18.500,-39.000,0.000,106.000,-135.000,1797.500,,,,,,,3,3
4,FRONT,LEFT,FRONT_LEFT,AV_G,3,station,rail,E53233025200,4,32,2,1,1,JOINT,JOINT,25.000,0.000,0.000,18.500,-39.000,0.000,106.000,-135.000,1564.500,,,,,,,3,3
4,FRONT,LEFT,FRONT_LEFT,AV_G,3,approach,rail,E53233025200,4,32,2,2,2,LINEAR,JOINT,250.000,100.000,-27.559,26.693,-35.290,5.045,89.166,-144.983,1564.500,,,,,,,3,3
4,FRONT,LEFT,FRONT_LEFT,AV_G,3,approach,rail,E53233025200,4,32,2,3,3,LINEAR,JOINT,250.000,100.000,-48.447,38.087,-38.999,.285,82.303,-144.587,1564.500,,,,,,,3,3
4,FRONT,LEFT,FRONT_LEFT,AV_G,3,approach,rail,E53233025200,4,32,2,4,4,LINEAR,JOINT,250.000,100.000,-56.800,40.600,-62.600,-37.000,68.100,-144.999,1564.500,,,,,,,3,3
4,FRONT,LEFT,FRONT_LEFT,AV_G,3,approach,rail,E53233025200,4,32,2,5,5,LINEAR,JOINT,250.000,100.000,-63.500,47.100,-54.600,-50.101,34.999,-105.000,1564.500,,,,,,,3,3
4,FRONT,LEFT,FRONT_LEFT,AV_G,3,approach,rail,E53233025200,4,32,2,6,6,JOINT,JOINT,25.000,100.000,-76.495,82.448,-39.166,-62.643,-56.998,-33.416,1564.500,,,,,,,3,3
4,FRONT,LEFT,FRONT_LEFT,AV_G,3,approach,rail,E53233025200,4,32,2,7,7,LINEAR,JOINT,250.000,100.000,-74.432,79.370,-45.350,-67.513,-53.003,-27.357,1564.500,,,,,,,3,3
4,FRONT,LEFT,FRONT_LEFT,AV_G,3,approach,rail,E53233025200,4,32,2,8,8,LINEAR,JOINT,250.000,0.000,-73.914,75.014,-50.055,-71.242,-51.018,-21.925,1564.500,,,,,,,3,3
4,FRONT,LEFT,FRONT_LEFT,AV_G,3,work,fastener,ASNA2392-3-03,29,1,1,8,8,LINEAR,CRT,100.000,0.000,-34.263,1040.700,1.400,-180.000,0.000,-90.000,1564.500,N,U,T,0.000,0.000,0.000,3,3
4,FRONT,LEFT,FRONT_LEFT,AV_G,3,work,fastener,ASNA2392-3-03,28,2,2,9,9,LINEAR,CRT,100.000,0.000,-9.417,1040.700,1.400,-180.000,0.000,-90.000,1564.500,N,U,T,0.000,0.000,0.000,3,3
4,FRONT,LEFT,FRONT_LEFT,AV_G,3,clearance,rail,E53233025200,4,32,2,8,1,LINEAR,JOINT,250.000,0.000,-73.914,75.014,-50.055,-71.242,-51.018,-21.925,1564.500,,,,,,,3,3
4,FRONT,LEFT,FRONT_LEFT,AV_G,3,clearance,rail,E53233025200,4,32,2,7,2,LINEAR,JOINT,250.000,100.000,-74.432,79.370,-45.350,-67.513,-53.003,-27.357,1564.500,,,,,,,3,3
4,FRONT,LEFT,FRONT_LEFT,AV_G,3,clearance,rail,E53233025200,4,32,2,6,3,JOINT,JOINT,25.000,100.000,-76.495,82.448,-39.166,-62.643,-56.998,-33.416,1564.500,,,,,,,3,3
4,FRONT,LEFT,FRONT_LEFT,AV_G,3,clearance,rail,E53233025200,4,32,2,5,4,JOINT,JOINT,25.000,100.000,-63.500,47.100,-54.600,-50.101,34.999,-105.000,1564.500,,,,,,,3,3
4,FRONT,LEFT,FRONT_LEFT,AV_G,3,clearance,rail,E53233025200,4,32,2,4,5,LINEAR,JOINT,250.000,100.000,-56.800,40.600,-62.600,-37.000,68.100,-144.999,1564.500,,,,,,,3,3
4,FRONT,LEFT,FRONT_LEFT,AV_G,3,clearance,rail,E53233025200,4,32,2,3,6,LINEAR,JOINT,250.000,100.000,-48.447,38.087,-38.999,.285,82.303,-144.587,1564.500,,,,,,,3,3
4,FRONT,LEFT,FRONT_LEFT,AV_G,3,clearance,rail,E53233025200,4,32,2,2,7,LINEAR,JOINT,250.000,100.000,-27.559,26.693,-35.290,5.045,89.166,-144.983,1564.500,,,,,,,3,3
4,FRONT,LEFT,FRONT_LEFT,AV_G,3,clearance,rail,E53233025200,4,32,2,1,8,LINEAR,JOINT,250.000,0.000,0.000,18.500,-39.000,0.000,106.000,-135.000,1564.500,,,,,,,3,3
5,REAR,RIGHT,REAR_RIGHT,AR_D,2,station,rail,E53233045200,5,23,3,1,1,JOINT,JOINT,25.000,0.000,0.000,18.500,-39.000,0.000,106.000,-135.000,1159.500,,,,,,,3,3
5,REAR,RIGHT,REAR_RIGHT,AR_D,2,approach,rail,E53233045200,5,23,3,2,2,LINEAR,JOINT,250.000,100.000,-34.641,33.135,-28.976,19.071,89.085,-145.354,1159.500,,,,,,,3,3
5,REAR,RIGHT,REAR_RIGHT,AR_D,2,approach,rail,E53233045200,5,23,3,3,3,JOINT,JOINT,25.000,100.000,-40.309,33.547,-19.725,90.263,60.291,-145.817,1159.500,,,,,,,3,3
5,REAR,RIGHT,REAR_RIGHT,AR_D,2,approach,rail,E53233045200,5,23,3,4,4,JOINT,JOINT,25.000,100.000,-39.803,39.597,-15.595,133.253,42.252,-95.133,1159.500,,,,,,,3,3
5,REAR,RIGHT,REAR_RIGHT,AR_D,2,approach,rail,E53233045200,5,23,3,5,5,LINEAR,JOINT,250.000,0.000,-43.069,38.423,-22.247,126.214,40.419,-57.885,1159.500,,,,,,,3,3
5,REAR,RIGHT,REAR_RIGHT,AR_D,2,work,fastener,ASNA2392-3-04,205,1,1,8,8,LINEAR,CRT,100.000,0.000,230.200,554.500,3.500,180.000,0.000,89.958,1159.500,F,U,T,0.000,0.000,0.000,3,3
5,REAR,RIGHT,REAR_RIGHT,AR_D,2,work,fastener,ASNA2392-3-04,204,2,2,9,9,LINEAR,CRT,100.000,0.000,206.200,554.500,3.500,-180.000,0.000,89.958,1159.500,F,U,T,0.000,0.000,0.000,3,3
5,REAR,RIGHT,REAR_RIGHT,AR_D,2,work,fastener,ASNA2392-3-04,203,3,3,10,10,LINEAR,CRT,100.000,0.000,182.200,554.500,3.500,180.000,0.000,71.296,1159.500,F,U,T,0.000,0.000,0.000,3,3
5,REAR,RIGHT,REAR_RIGHT,AR_D,2,work,fastener,ASNA2392-3-04,202,4,4,11,11,LINEAR,CRT,100.000,0.000,158.200,554.500,3.500,-180.000,0.000,67.149,1159.500,F,U,T,0.000,0.000,0.000,3,3
5,REAR,RIGHT,REAR_RIGHT,AR_D,2,work,fastener,ASNA2392-3-04,201,5,5,12,12,LINEAR,CRT,100.000,0.000,134.200,554.500,3.500,-180.000,0.000,46.630,1159.500,F,U,T,0.000,0.000,0.000,3,3
5,REAR,RIGHT,REAR_RIGHT,AR_D,2,clearance,rail,E53233045200,5,23,3,5,1,LINEAR,JOINT,250.000,100.000,-43.069,38.423,-22.247,126.214,40.419,-57.885,1159.500,,,,,,,3,3
5,REAR,RIGHT,REAR_RIGHT,AR_D,2,clearance,rail,E53233045200,5,23,3,4,2,LINEAR,JOINT,250.000,100.000,-39.803,39.597,-15.595,133.253,42.252,-95.133,1159.500,,,,,,,3,3
5,REAR,RIGHT,REAR_RIGHT,AR_D,2,clearance,rail,E53233045200,5,23,3,3,3,JOINT,JOINT,25.000,100.000,-40.309,33.547,-19.725,90.263,60.291,-145.817,1159.500,,,,,,,3,3
5,REAR,RIGHT,REAR_RIGHT,AR_D,2,clearance,rail,E53233045200,5,23,3,2,4,JOINT,JOINT,25.000,100.000,-34.641,33.135,-28.976,19.071,89.085,-145.354,1159.500,,,,,,,3,3
5,REAR,RIGHT,REAR_RIGHT,AR_D,2,clearance,rail,E53233045200,5,23,3,1,5,LINEAR,JOINT,250.000,0.000,0.000,18.500,-39.000,0.000,106.000,-135.000,1159.500,,,,,,,3,3
5,REAR,LEFT,REAR_LEFT,AR_G,2,station,rail,E53233045200,5,21,1,1,1,JOINT,JOINT,25.000,0.000,0.000,18.500,-39.000,0.000,106.000,-135.000,880.500,,,,,,,3,3
5,REAR,LEFT,REAR_LEFT,AR_G,2,approach,rail,E53233045200,5,21,1,2,2,LINEAR,JOINT,250.000,100.000,-22.848,23.132,-37.634,.989,90.853,-145.373,880.500,,,,,,,3,3
5,REAR,LEFT,REAR_LEFT,AR_G,2,approach,rail,E53233045200,5,21,1,3,3,LINEAR,JOINT,250.000,100.000,-37.775,29.030,-37.321,-9.572,81.343,-135.109,880.500,,,,,,,3,3
5,REAR,LEFT,REAR_LEFT,AR_G,2,approach,rail,E53233045200,5,21,1,4,4,JOINT,JOINT,25.000,100.000,-40.500,33.000,-27.300,-30.001,20.001,-89.999,880.500,,,,,,,3,3
5,REAR,LEFT,REAR_LEFT,AR_G,2,approach,rail,E53233045200,5,21,1,5,5,JOINT,JOINT,25.000,100.000,-48.645,54.798,-2.059,-42.652,-58.068,-59.790,880.500,,,,,,,3,3
5,REAR,LEFT,REAR_LEFT,AR_G,2,approach,rail,E53233045200,5,21,1,6,6,LINEAR,JOINT,250.000,100.000,-45.734,55.755,-5.513,-42.992,-53.561,-59.528,880.500,,,,,,,3,3
5,REAR,LEFT,REAR_LEFT,AR_G,2,approach,rail,E53233045200,5,21,1,7,7,LINEAR,JOINT,250.000,0.000,-42.628,44.893,-13.156,-46.193,-45.962,-55.366,880.500,,,,,,,3,3
5,REAR,LEFT,REAR_LEFT,AR_G,2,work,fastener,ASNA2392-3-04,196,1,1,8,8,LINEAR,CRT,100.000,0.000,230.200,527.000,3.500,-180.000,0.000,-90.000,880.500,N,U,T,0.000,0.000,0.000,3,3
5,REAR,LEFT,REAR_LEFT,AR_G,2,work,fastener,ASNA2392-3-04,197,2,2,9,9,LINEAR,CRT,100.000,0.000,206.200,527.000,3.500,180.000,0.000,-77.472,880.500,N,U,T,0.000,0.000,0.000,3,3
5,REAR,LEFT,REAR_LEFT,AR_G,2,work,fastener,ASNA2392-3-04,198,3,3,10,10,LINEAR,CRT,100.000,0.000,182.200,527.000,3.500,180.000,0.000,-77.472,880.500,N,U,T,0.000,0.000,0.000,3,3
5,REAR,LEFT,REAR_LEFT,AR_G,2,work,fastener,ASNA2392-3-04,199,4,4,11,11,LINEAR,CRT,100.000,0.000,158.200,527.000,3.500,180.000,0.000,-77.472,880.500,N,U,T,0.000,0.000,0.000,3,3
5,REAR,LEFT,REAR_LEFT,AR_G,2,work,fastener,ASNA2392-3-04,200,5,5,12,12,LINEAR,CRT,100.000,0.000,134.200,527.000,3.500,-179.514,-0.871,-56.005,880.500,N,U,T,0.000,0.000,0.000,3,3
5,REAR,LEFT,REAR_LEFT,AR_G,2,clearance,rail,E53233045200,5,21,1,7,1,LINEAR,JOINT,250.000,0.000,-42.628,44.893,-13.156,-46.193,-45.962,-55.366,880.500,,,,,,,3,3
5,REAR,LEFT,REAR_LEFT,AR_G,2,clearance,rail,E53233045200,5,21,1,6,2,LINEAR,JOINT,250.000,100.000,-45.734,55.755,-5.513,-42.992,-53.561,-59.528,880.500,,,,,,,3,3
5,REAR,LEFT,REAR_LEFT,AR_G,2,clearance,rail,E53233045200,5,21,1,5,3,LINEAR,JOINT,250.000,100.000,-48.645,54.798,-2.059,-42.652,-58.068,-59.790,880.500,,,,,,,3,3
5,REAR,LEFT,REAR_LEFT,AR_G,2,clearance,rail,E53233045200,5,21,1,4,4,JOINT,JOINT,25.000,100.000,-40.500,33.000,-27.300,-30.001,20.001,-89.999,880.500,,,,,,,3,3
5,REAR,LEFT,REAR_LEFT,AR_G,2,clearance,rail,E53233045200,5,21,1,3,5,JOINT,JOINT,25.000,100.000,-37.775,29.030,-37.321,-9.572,81.343,-135.109,880.500,,,,,,,3,3
5,REAR,LEFT,REAR_LEFT,AR_G,2,clearance,rail,E53233045200,5,21,1,2,6,LINEAR,JOINT,250.000,100.000,-22.848,23.132,-37.634,.989,90.853,-145.373,880.500,,,,,,,3,3
5,REAR,LEFT,REAR_LEFT,AR_G,2,clearance,rail,E53233045200,5,21,1,1,7,LINEAR,JOINT,250.000,0.000,0.000,18.500,-39.000,0.000,106.000,-135.000,880.500,,,,,,,3,3
5,FRONT,RIGHT,FRONT_RIGHT,AV_D,2,station,rail,E53233045200,5,24,4,1,1,JOINT,JOINT,25.000,0.000,0.000,18.500,-39.000,0.000,106.000,-135.000,1286.500,,,,,,,3,3
5,FRONT,RIGHT,FRONT_RIGHT,AV_D,2,approach,rail,E53233045200,5,24,4,2,2,LINEAR,JOINT,250.000,100.000,-34.368,33.152,-26.492,18.937,86.581,-140.295,1286.500,,,,,,,3,3
5,FRONT,RIGHT,FRONT_RIGHT,AV_D,2,approach,rail,E53233045200,5,24,4,3,3,JOINT,JOINT,25.000,100.000,-33.700,35.500,-26.999,-54.500,64.700,-138.000,1286.500,,,,,,,3,3
5,FRONT,RIGHT,FRONT_RIGHT,AV_D,2,approach,rail,E53233045200,5,24,4,4,4,LINEAR,JOINT,250.000,100.000,-42.000,32.300,-54.399,-52.700,69.999,-140.000,1286.500,,,,,,,3,3
5,FRONT,RIGHT,FRONT_RIGHT,AV_D,2,approach,rail,E53233045200,5,24,4,5,5,LINEAR,JOINT,250.000,100.000,-46.970,36.832,-76.033,-45.103,82.998,-139.811,1286.500,,,,,,,3,3
5,FRONT,RIGHT,FRONT_RIGHT,AV_D,2,approach,rail,E53233045200,5,24,4,6,6,JOINT,JOINT,25.000,100.000,-46.531,41.460,-75.661,-52.125,36.892,-135.034,1286.500,,,,,,,3,3
5,FRONT,RIGHT,FRONT_RIGHT,AV_D,2,approach,rail,E53233045200,5,24,4,7,7,JOINT,JOINT,25.000,100.000,-65.000,50.000,-64.999,-59.899,-20.000,-140.001,1286.500,,,,,,,3,3
5,FRONT,RIGHT,FRONT_RIGHT,AV_D,2,approach,rail,E53233045200,5,24,4,8,8,JOINT,JOINT,25.000,100.000,-70.167,61.695,-60.649,-82.997,-46.554,-174.426,1286.500,,,,,,,3,3
5,FRONT,RIGHT,FRONT_RIGHT,AV_D,2,approach,rail,E53233045200,5,24,4,9,9,LINEAR,JOINT,250.000,0.000,-71.259,66.203,-55.433,-77.410,-48.014,-181.289,1286.500,,,,,,,3,3
5,FRONT,RIGHT,FRONT_RIGHT,AV_D,2,work,fastener,ASNA2392-3-04,206,1,1,8,8,LINEAR,CRT,100.000,0.000,-120.000,554.500,3.500,180.000,0.000,89.961,1286.500,N,U,T,0.000,0.000,0.000,3,3
5,FRONT,RIGHT,FRONT_RIGHT,AV_D,2,work,fastener,ASNA2392-3-04,207,2,2,9,9,LINEAR,CRT,100.000,0.000,-96.000,554.500,3.500,-180.000,0.000,89.961,1286.500,N,U,T,0.000,0.000,0.000,3,3
5,FRONT,RIGHT,FRONT_RIGHT,AV_D,2,work,fastener,ASNA2392-3-04,208,3,3,10,10,LINEAR,CRT,100.000,0.000,-72.000,554.500,3.500,-180.000,0.000,89.961,1286.500,N,U,T,0.000,0.000,0.000,3,3
5,FRONT,RIGHT,FRONT_RIGHT,AV_D,2,work,fastener,ASNA2392-3-04,209,4,4,11,11,LINEAR,CRT,100.000,0.000,-48.000,554.500,3.500,-180.000,0.000,89.900,1286.500,N,U,T,0.000,0.000,0.000,3,3
5,FRONT,RIGHT,FRONT_RIGHT,AV_D,2,work,fastener,ASNA2392-3-05,285,5,5,12,12,LINEAR,CRT,100.000,0.000,-24.000,554.500,5.000,-180.000,0.000,90.000,1286.500,N,U,T,0.000,0.000,0.000,3,3
5,FRONT,RIGHT,FRONT_RIGHT,AV_D,2,work,fastener,ASNA2392-3-05,286,6,6,13,13,LINEAR,CRT,100.000,0.000,0.000,554.500,5.000,-180.000,0.000,90.000,1286.500,N,U,T,0.000,0.000,0.000,3,3
5,FRONT,RIGHT,FRONT_RIGHT,AV_D,2,clearance,rail,E53233045200,5,24,4,9,1,LINEAR,JOINT,250.000,0.000,-71.259,66.203,-55.433,-77.410,-48.014,-181.289,1286.500,,,,,,,3,3
5,FRONT,RIGHT,FRONT_RIGHT,AV_D,2,clearance,rail,E53233045200,5,24,4,8,2,LINEAR,JOINT,250.000,100.000,-70.167,61.695,-60.649,-82.997,-46.554,-174.426,1286.500,,,,,,,3,3
5,FRONT,RIGHT,FRONT_RIGHT,AV_D,2,clearance,rail,E53233045200,5,24,4,7,3,JOINT,JOINT,25.000,100.000,-65.000,50.000,-64.999,-59.899,-20.000,-140.001,1286.500,,,,,,,3,3
5,FRONT,RIGHT,FRONT_RIGHT,AV_D,2,clearance,rail,E53233045200,5,24,4,6,4,JOINT,JOINT,25.000,100.000,-46.531,41.460,-75.661,-52.125,36.892,-135.034,1286.500,,,,,,,3,3
5,FRONT,RIGHT,FRONT_RIGHT,AV_D,2,clearance,rail,E53233045200,5,24,4,5,5,JOINT,JOINT,25.000,100.000,-46.970,36.832,-76.033,-45.103,82.998,-139.811,1286.500,,,,,,,3,3
5,FRONT,RIGHT,FRONT_RIGHT,AV_D,2,clearance,rail,E53233045200,5,24,4,4,6,LINEAR,JOINT,250.000,100.000,-42.000,32.300,-54.399,-52.700,69.999,-140.000,1286.500,,,,,,,3,3
5,FRONT,RIGHT,FRONT_RIGHT,AV_D,2,clearance,rail,E53233045200,5,24,4,3,7,LINEAR,JOINT,250.000,100.000,-33.700,35.500,-26.999,-54.500,64.700,-138.000,1286.500,,,,,,,3,3
5,FRONT,RIGHT,FRONT_RIGHT,AV_D,2,clearance,rail,E53233045200,5,24,4,2,8,JOINT,JOINT,25.000,100.000,-34.368,33.152,-26.492,18.937,86.581,-140.295,1286.500,,,,,,,3,3
5,FRONT,RIGHT,FRONT_RIGHT,AV_D,2,clearance,rail,E53233045200,5,24,4,1,9,LINEAR,JOINT,250.000,0.000,0.000,18.500,-39.000,0.000,106.000,-135.000,1286.500,,,,,,,3,3
5,FRONT,LEFT,FRONT_LEFT,AV_G,2,station,rail,E53233045200,5,22,2,1,1,JOINT,JOINT,25.000,0.000,0.000,18.500,-39.000,0.000,106.000,-135.000,1053.500,,,,,,,3,3
5,FRONT,LEFT,FRONT_LEFT,AV_G,2,approach,rail,E53233045200,5,22,2,2,2,LINEAR,JOINT,250.000,100.000,-27.559,26.693,-35.290,5.045,89.166,-144.983,1053.500,,,,,,,3,3
5,FRONT,LEFT,FRONT_LEFT,AV_G,2,approach,rail,E53233045200,5,22,2,3,3,LINEAR,JOINT,250.000,100.000,-48.447,38.087,-38.999,.285,82.303,-144.587,1053.500,,,,,,,3,3
5,FRONT,LEFT,FRONT_LEFT,AV_G,2,approach,rail,E53233045200,5,22,2,4,4,LINEAR,JOINT,250.000,100.000,-56.800,40.600,-62.600,-37.000,68.100,-144.999,1053.500,,,,,,,3,3
5,FRONT,LEFT,FRONT_LEFT,AV_G,2,approach,rail,E53233045200,5,22,2,5,5,LINEAR,JOINT,250.000,100.000,-63.500,47.100,-54.600,-50.101,34.999,-105.000,1053.500,,,,,,,3,3
5,FRONT,LEFT,FRONT_LEFT,AV_G,2,approach,rail,E53233045200,5,22,2,6,6,JOINT,JOINT,25.000,100.000,-76.495,82.448,-39.166,-62.643,-56.998,-33.416,1053.500,,,,,,,3,3
5,FRONT,LEFT,FRONT_LEFT,AV_G,2,approach,rail,E53233045200,5,22,2,7,7,LINEAR,JOINT,250.000,100.000,-74.432,79.370,-45.350,-67.513,-53.003,-27.357,1053.500,,,,,,,3,3
5,FRONT,LEFT,FRONT_LEFT,AV_G,2,approach,rail,E53233045200,5,22,2,8,8,LINEAR,JOINT,250.000,0.000,-73.914,75.014,-50.055,-71.242,-51.018,-21.925,1053.500,,,,,,,3,3
5,FRONT,LEFT,FRONT_LEFT,AV_G,2,work,fastener,ASNA2392-3-04,210,1,1,8,8,LINEAR,CRT,100.000,0.000,-120.000,527.000,3.500,-180.000,0.000,-90.000,1053.500,N,U,T,0.000,0.000,0.000,3,3
5,FRONT,LEFT,FRONT_LEFT,AV_G,2,work,fastener,ASNA2392-3-04,211,2,2,9,9,LINEAR,CRT,100.000,0.000,-96.000,527.000,3.500,-180.000,0.000,-90.000,1053.500,N,U,T,0.000,0.000,0.000,3,3
5,FRONT,LEFT,FRONT_LEFT,AV_G,2,work,fastener,ASNA2392-3-04,212,3,3,10,10,LINEAR,CRT,100.000,0.000,-72.000,527.000,3.500,-180.000,0.000,-90.000,1053.500,N,U,T,0.000,0.000,0.000,3,3
5,FRONT,LEFT,FRONT_LEFT,AV_G,2,work,fastener,ASNA2392-3-04,238,4,4,11,11,LINEAR,CRT,100.000,0.000,-48.000,527.000,3.500,-180.000,0.000,-90.000,1053.500,N,U,T,0.000,0.000,0.000,3,3
5,FRONT,LEFT,FRONT_LEFT,AV_G,2,work,fastener,ASNA2392-3-05,283,5,5,12,12,LINEAR,CRT,100.000,0.000,-24.000,527.000,5.000,-180.000,0.000,-90.000,1053.500,N,U,T,0.000,0.000,0.000,3,3
5,FRONT,LEFT,FRONT_LEFT,AV_G,2,work,fastener,ASNA2392-3-05,284,6,6,13,13,LINEAR,CRT,100.000,0.000,0.000,527.000,5.000,-180.000,0.000,-111.773,1053.500,N,U,T,0.000,0.000,0.000,3,3
5,FRONT,LEFT,FRONT_LEFT,AV_G,2,clearance,rail,E53233045200,5,22,2,8,1,LINEAR,JOINT,250.000,0.000,-73.914,75.014,-50.055,-71.242,-51.018,-21.925,1053.500,,,,,,,3,3
5,FRONT,LEFT,FRONT_LEFT,AV_G,2,clearance,rail,E53233045200,5,22,2,7,2,LINEAR,JOINT,250.000,100.000,-74.432,79.370,-45.350,-67.513,-53.003,-27.357,1053.500,,,,,,,3,3
5,FRONT,LEFT,FRONT_LEFT,AV_G,2,clearance,rail,E53233045200,5,22,2,6,3,JOINT,JOINT,25.000,100.000,-76.495,82.448,-39.166,-62.643,-56.998,-33.416,1053.500,,,,,,,3,3
5,FRONT,LEFT,FRONT_LEFT,AV_G,2,clearance,rail,E53233045200,5,22,2,5,4,JOINT,JOINT,25.000,100.000,-63.500,47.100,-54.600,-50.101,34.999,-105.000,1053.500,,,,,,,3,3
5,FRONT,LEFT,FRONT_LEFT,AV_G,2,clearance,rail,E53233045200,5,22,2,4,5,LINEAR,JOINT,250.000,100.000,-56.800,40.600,-62.600,-37.000,68.100,-144.999,1053.500,,,,,,,3,3
5,FRONT,LEFT,FRONT_LEFT,AV_G,2,clearance,rail,E53233045200,5,22,2,3,6,LINEAR,JOINT,250.000,100.000,-48.447,38.087,-38.999,.285,82.303,-144.587,1053.500,,,,,,,3,3
5,FRONT,LEFT,FRONT_LEFT,AV_G,2,clearance,rail,E53233045200,5,22,2,2,7,LINEAR,JOINT,250.000,100.000,-27.559,26.693,-35.290,5.045,89.166,-144.983,1053.500,,,,,,,3,3
5,FRONT,LEFT,FRONT_LEFT,AV_G,2,clearance,rail,E53233045200,5,22,2,1,8,LINEAR,JOINT,250.000,0.000,0.000,18.500,-39.000,0.000,106.000,-135.000,1053.500,,,,,,,3,3
6,REAR,RIGHT,REAR_RIGHT,AR_D,1,station,rail,E53233043200,6,13,3,1,1,JOINT,JOINT,25.000,0.000,0.000,18.500,-39.000,0.000,106.000,-135.000,632.500,,,,,,,3,3
6,REAR,RIGHT,REAR_RIGHT,AR_D,1,approach,rail,E53233043200,6,13,3,2,2,LINEAR,JOINT,250.000,100.000,-34.641,33.135,-28.976,19.071,89.085,-145.354,632.500,,,,,,,3,3
6,REAR,RIGHT,REAR_RIGHT,AR_D,1,approach,rail,E53233043200,6,13,3,3,3,JOINT,JOINT,25.000,100.000,-40.309,33.547,-19.725,90.263,60.291,-145.817,632.500,,,,,,,3,3
6,REAR,RIGHT,REAR_RIGHT,AR_D,1,approach,rail,E53233043200,6,13,3,4,4,JOINT,JOINT,25.000,100.000,-39.803,39.597,-15.595,133.253,42.252,-95.133,632.500,,,,,,,3,3
6,REAR,RIGHT,REAR_RIGHT,AR_D,1,approach,rail,E53233043200,6,13,3,5,5,LINEAR,JOINT,250.000,0.000,-43.069,38.423,-22.247,126.214,40.419,-57.885,632.500,,,,,,,3,3
6,REAR,RIGHT,REAR_RIGHT,AR_D,1,work,fastener,ASNA2392-3-04,195,1,1,8,8,LINEAR,CRT,100.000,0.000,230.200,27.500,3.500,180.000,0.000,89.958,632.500,F,U,T,0.000,0.000,0.000,3,3
6,REAR,RIGHT,REAR_RIGHT,AR_D,1,work,fastener,ASNA2392-3-04,194,2,2,9,9,LINEAR,CRT,100.000,0.000,206.200,27.500,3.500,-180.000,0.000,89.958,632.500,F,U,T,0.000,0.000,0.000,3,3
6,REAR,RIGHT,REAR_RIGHT,AR_D,1,work,fastener,ASNA2392-3-04,193,3,3,10,10,LINEAR,CRT,100.000,0.000,182.200,27.500,3.500,180.000,0.000,71.296,632.500,F,U,T,0.000,0.000,0.000,3,3
6,REAR,RIGHT,REAR_RIGHT,AR_D,1,work,fastener,ASNA2392-3-04,192,4,4,11,11,LINEAR,CRT,100.000,0.000,158.200,27.500,3.500,-180.000,0.000,67.149,632.500,F,U,T,0.000,0.000,0.000,3,3
6,REAR,RIGHT,REAR_RIGHT,AR_D,1,work,fastener,ASNA2392-3-04,191,5,5,12,12,LINEAR,CRT,100.000,0.000,134.200,27.500,3.500,-180.000,0.000,46.630,632.500,F,U,T,0.000,0.000,0.000,3,3
6,REAR,RIGHT,REAR_RIGHT,AR_D,1,clearance,rail,E53233043200,6,13,3,5,1,LINEAR,JOINT,250.000,100.000,-43.069,38.423,-22.247,126.214,40.419,-57.885,632.500,,,,,,,3,3
6,REAR,RIGHT,REAR_RIGHT,AR_D,1,clearance,rail,E53233043200,6,13,3,4,2,LINEAR,JOINT,250.000,100.000,-39.803,39.597,-15.595,133.253,42.252,-95.133,632.500,,,,,,,3,3
6,REAR,RIGHT,REAR_RIGHT,AR_D,1,clearance,rail,E53233043200,6,13,3,3,3,JOINT,JOINT,25.000,100.000,-40.309,33.547,-19.725,90.263,60.291,-145.817,632.500,,,,,,,3,3
6,REAR,RIGHT,REAR_RIGHT,AR_D,1,clearance,rail,E53233043200,6,13,3,2,4,JOINT,JOINT,25.000,100.000,-34.641,33.135,-28.976,19.071,89.085,-145.354,632.500,,,,,,,3,3
6,REAR,RIGHT,REAR_RIGHT,AR_D,1,clearance,rail,E53233043200,6,13,3,1,5,LINEAR,JOINT,250.000,0.000,0.000,18.500,-39.000,0.000,106.000,-135.000,632.500,,,,,,,3,3
6,REAR,LEFT,REAR_LEFT,AR_G,1,station,rail,E53233043200,6,12,2,1,1,JOINT,JOINT,25.000,0.000,0.000,18.500,-39.000,0.000,106.000,-135.000,353.500,,,,,,,3,3
6,REAR,LEFT,REAR_LEFT,AR_G,1,approach,rail,E53233043200,6,12,2,2,2,LINEAR,JOINT,250.000,100.000,-22.848,23.132,-37.634,.989,90.853,-145.373,353.500,,,,,,,3,3
6,REAR,LEFT,REAR_LEFT,AR_G,1,approach,rail,E53233043200,6,12,2,3,3,LINEAR,JOINT,250.000,100.000,-37.775,29.030,-37.321,-9.572,81.343,-135.109,353.500,,,,,,,3,3
6,REAR,LEFT,REAR_LEFT,AR_G,1,approach,rail,E53233043200,6,12,2,4,4,JOINT,JOINT,25.000,100.000,-40.500,33.000,-27.300,-30.001,20.001,-89.999,353.500,,,,,,,3,3
6,REAR,LEFT,REAR_LEFT,AR_G,1,approach,rail,E53233043200,6,12,2,5,5,JOINT,JOINT,25.000,100.000,-48.645,54.798,-2.059,-42.652,-58.068,-59.790,353.500,,,,,,,3,3
6,REAR,LEFT,REAR_LEFT,AR_G,1,approach,rail,E53233043200,6,12,2,6,6,LINEAR,JOINT,250.000,100.000,-45.734,55.755,-5.513,-42.992,-53.561,-59.528,353.500,,,,,,,3,3
6,REAR,LEFT,REAR_LEFT,AR_G,1,approach,rail,E53233043200,6,12,2,7,7,LINEAR,JOINT,250.000,0.000,-42.628,44.893,-13.156,-46.193,-45.962,-55.366,353.500,,,,,,,3,3
6,REAR,LEFT,REAR_LEFT,AR_G,1,work,fastener,ASNA2392-3-04,186,1,1,8,8,LINEAR,CRT,80.000,0.000,230.200,0.000,3.500,-180.000,0.000,-90.000,353.500,N,U,T,0.000,0.000,0.000,3,3
6,REAR,LEFT,REAR_LEFT,AR_G,1,work,fastener,ASNA2392-3-04,187,2,2,9,9,LINEAR,CRT,100.000,0.000,206.200,0.000,3.500,180.000,0.000,-77.472,353.500,N,U,T,0.000,0.000,0.000,3,3
6,REAR,LEFT,REAR_LEFT,AR_G,1,work,fastener,ASNA2392-3-04,188,3,3,10,10,LINEAR,CRT,100.000,0.000,182.200,0.000,3.500,180.000,0.000,-77.472,353.500,N,U,T,0.000,0.000,0.000,3,3
6,REAR,LEFT,REAR_LEFT,AR_G,1,work,fastener,ASNA2392-3-04,189,4,4,11,11,LINEAR,CRT,100.000,0.000,158.200,0.000,3.500,180.000,0.000,-77.472,353.500,N,U,T,0.000,0.000,0.000,3,3
6,REAR,LEFT,REAR_LEFT,AR_G,1,work,fastener,ASNA2392-3-04,190,5,5,12,12,LINEAR,CRT,100.000,0.000,134.200,0.000,3.500,-180.000,0.000,-56.000,353.500,N,U,T,0.000,0.000,0.000,3,3
6,REAR,LEFT,REAR_LEFT,AR_G,1,clearance,rail,E53233043200,6,12,2,7,1,LINEAR,JOINT,250.000,0.000,-42.628,44.893,-13.156,-46.193,-45.962,-55.366,353.500,,,,,,,3,3
6,REAR,LEFT,REAR_LEFT,AR_G,1,clearance,rail,E53233043200,6,12,2,6,2,LINEAR,JOINT,250.000,100.000,-45.734,55.755,-5.513,-42.992,-53.561,-59.528,353.500,,,,,,,3,3
6,REAR,LEFT,REAR_LEFT,AR_G,1,clearance,rail,E53233043200,6,12,2,5,3,LINEAR,JOINT,250.000,100.000,-48.645,54.798,-2.059,-42.652,-58.068,-59.790,353.500,,,,,,,3,3
6,REAR,LEFT,REAR_LEFT,AR_G,1,clearance,rail,E53233043200,6,12,2,4,4,JOINT,JOINT,25.000,100.000,-40.500,33.000,-27.300,-30.001,20.001,-89.999,353.500,,,,,,,3,3
6,REAR,LEFT,REAR_LEFT,AR_G,1,clearance,rail,E53233043200,6,12,2,3,5,JOINT,JOINT,25.000,100.000,-37.775,29.030,-37.321,-9.572,81.343,-135.109,353.500,,,,,,,3,3
6,REAR,LEFT,REAR_LEFT,AR_G,1,clearance,rail,E53233043200,6,12,2,2,6,LINEAR,JOINT,250.000,100.000,-22.848,23.132,-37.634,.989,90.853,-145.373,353.500,,,,,,,3,3
6,REAR,LEFT,REAR_LEFT,AR_G,1,clearance,rail,E53233043200,6,12,2,1,7,LINEAR,JOINT,250.000,0.000,0.000,18.500,-39.000,0.000,106.000,-135.000,353.500,,,,,,,3,3
6,FRONT,RIGHT,FRONT_RIGHT,AV_D,1,station,rail,E53233043200,6,14,4,1,1,JOINT,JOINT,25.000,0.000,0.000,18.500,-39.000,0.000,106.000,-135.000,759.500,,,,,,,3,3
6,FRONT,RIGHT,FRONT_RIGHT,AV_D,1,approach,rail,E53233043200,6,14,4,2,2,LINEAR,JOINT,250.000,100.000,-34.368,33.152,-26.492,18.937,86.581,-140.295,759.500,,,,,,,3,3
6,FRONT,RIGHT,FRONT_RIGHT,AV_D,1,approach,rail,E53233043200,6,14,4,3,3,JOINT,JOINT,25.000,100.000,-33.700,35.500,-26.999,-54.500,64.700,-138.000,759.500,,,,,,,3,3
6,FRONT,RIGHT,FRONT_RIGHT,AV_D,1,approach,rail,E53233043200,6,14,4,4,4,LINEAR,JOINT,250.000,100.000,-42.000,32.300,-54.399,-52.700,69.999,-140.000,759.500,,,,,,,3,3
6,FRONT,RIGHT,FRONT_RIGHT,AV_D,1,approach,rail,E53233043200,6,14,4,5,5,LINEAR,JOINT,250.000,100.000,-46.970,36.832,-76.033,-45.103,82.998,-139.811,759.500,,,,,,,3,3
6,FRONT,RIGHT,FRONT_RIGHT,AV_D,1,approach,rail,E53233043200,6,14,4,6,6,JOINT,JOINT,25.000,100.000,-46.531,41.460,-75.661,-52.125,36.892,-135.034,759.500,,,,,,,3,3
6,FRONT,RIGHT,FRONT_RIGHT,AV_D,1,approach,rail,E53233043200,6,14,4,7,7,JOINT,JOINT,25.000,100.000,-65.000,50.000,-64.999,-59.899,-20.000,-140.001,759.500,,,,,,,3,3
6,FRONT,RIGHT,FRONT_RIGHT,AV_D,1,approach,rail,E53233043200,6,14,4,8,8,JOINT,JOINT,25.000,100.000,-70.167,61.695,-60.649,-82.997,-46.554,-174.426,759.500,,,,,,,3,3
6,FRONT,RIGHT,FRONT_RIGHT,AV_D,1,approach,rail,E53233043200,6,14,4,9,9,LINEAR,JOINT,250.000,0.000,-71.259,66.203,-55.433,-77.410,-48.014,-181.289,759.500,,,,,,,3,3
6,FRONT,RIGHT,FRONT_RIGHT,AV_D,1,work,fastener,ASNA2392-3-04,237,1,1,8,8,LINEAR,CRT,100.000,0.000,-120.000,27.500,3.500,180.000,0.000,89.961,759.500,N,U,T,0.000,0.000,0.000,3,3
6,FRONT,RIGHT,FRONT_RIGHT,AV_D,1,work,fastener,ASNA2392-3-04,236,2,2,9,9,LINEAR,CRT,100.000,0.000,-96.000,27.500,3.500,-180.000,0.000,89.961,759.500,N,U,T,0.000,0.000,0.000,3,3
6,FRONT,RIGHT,FRONT_RIGHT,AV_D,1,work,fastener,ASNA2392-3-04,235,3,3,10,10,LINEAR,CRT,100.000,0.000,-72.000,27.500,3.500,-180.000,0.000,89.961,759.500,N,U,T,0.000,0.000,0.000,3,3
6,FRONT,RIGHT,FRONT_RIGHT,AV_D,1,work,fastener,ASNA2392-3-04,234,4,4,11,11,LINEAR,CRT,100.000,0.000,-48.000,27.500,3.500,-180.000,0.000,89.961,759.500,N,U,T,0.000,0.000,0.000,3,3
6,FRONT,RIGHT,FRONT_RIGHT,AV_D,1,work,fastener,ASNA2392-3-05,304,5,5,12,12,LINEAR,CRT,100.000,0.000,-24.000,27.500,5.000,-180.000,0.000,90.000,759.500,N,U,T,0.000,0.000,0.000,3,3
6,FRONT,RIGHT,FRONT_RIGHT,AV_D,1,work,fastener,ASNA2392-3-05,303,6,6,13,13,LINEAR,CRT,100.000,0.000,0.000,27.500,5.000,-180.000,0.000,90.000,759.500,N,U,T,0.000,0.000,0.000,3,3
6,FRONT,RIGHT,FRONT_RIGHT,AV_D,1,work,fastener,ASNA2392-3-07,301,7,7,14,14,LINEAR,CRT,100.000,0.000,36.700,27.500,5.000,-180.000,0.000,110.000,759.500,N,U,T,0.000,0.000,0.000,3,3
6,FRONT,RIGHT,FRONT_RIGHT,AV_D,1,work,fastener,ASNA2392-3-07,302,8,8,15,15,LINEAR,CRT,100.000,0.000,58.700,27.500,5.000,-180.000,0.000,130.000,759.500,N,U,T,0.000,0.000,0.000,3,3
6,FRONT,RIGHT,FRONT_RIGHT,AV_D,1,clearance,rail,E53233043200,6,14,4,9,1,LINEAR,JOINT,250.000,0.000,-71.259,66.203,-55.433,-77.410,-48.014,-181.289,759.500,,,,,,,3,3
6,FRONT,RIGHT,FRONT_RIGHT,AV_D,1,clearance,rail,E53233043200,6,14,4,8,2,LINEAR,JOINT,250.000,100.000,-70.167,61.695,-60.649,-82.997,-46.554,-174.426,759.500,,,,,,,3,3
6,FRONT,RIGHT,FRONT_RIGHT,AV_D,1,clearance,rail,E53233043200,6,14,4,7,3,JOINT,JOINT,25.000,100.000,-65.000,50.000,-64.999,-59.899,-20.000,-140.001,759.500,,,,,,,3,3
6,FRONT,RIGHT,FRONT_RIGHT,AV_D,1,clearance,rail,E53233043200,6,14,4,6,4,JOINT,JOINT,25.000,100.000,-46.531,41.460,-75.661,-52.125,36.892,-135.034,759.500,,,,,,,3,3
6,FRONT,RIGHT,FRONT_RIGHT,AV_D,1,clearance,rail,E53233043200,6,14,4,5,5,JOINT,JOINT,25.000,100.000,-46.970,36.832,-76.033,-45.103,82.998,-139.811,759.500,,,,,,,3,3
6,FRONT,RIGHT,FRONT_RIGHT,AV_D,1,clearance,rail,E53233043200,6,14,4,4,6,LINEAR,JOINT,250.000,100.000,-42.000,32.300,-54.399,-52.700,69.999,-140.000,759.500,,,,,,,3,3
6,FRONT,RIGHT,FRONT_RIGHT,AV_D,1,clearance,rail,E53233043200,6,14,4,3,7,LINEAR,JOINT,250.000,100.000,-33.700,35.500,-26.999,-54.500,64.700,-138.000,759.500,,,,,,,3,3
6,FRONT,RIGHT,FRONT_RIGHT,AV_D,1,clearance,rail,E53233043200,6,14,4,2,8,JOINT,JOINT,25.000,100.000,-34.368,33.152,-26.492,18.937,86.581,-140.295,759.500,,,,,,,3,3
6,FRONT,RIGHT,FRONT_RIGHT,AV_D,1,clearance,rail,E53233043200,6,14,4,1,9,LINEAR,JOINT,250.000,0.000,0.000,18.500,-39.000,0.000,106.000,-135.000,759.500,,,,,,,3,3
6,FRONT,LEFT,FRONT_LEFT,AV_G,1,station,rail,E53233043200,6,11,1,1,1,JOINT,JOINT,25.000,0.000,0.000,18.500,-39.000,0.000,106.000,-135.000,526.500,,,,,,,3,3
6,FRONT,LEFT,FRONT_LEFT,AV_G,1,approach,rail,E53233043200,6,11,1,2,2,LINEAR,JOINT,250.000,100.000,-27.559,26.693,-35.290,5.045,89.166,-144.983,526.500,,,,,,,3,3
6,FRONT,LEFT,FRONT_LEFT,AV_G,1,approach,rail,E53233043200,6,11,1,3,3,LINEAR,JOINT,250.000,100.000,-48.447,38.087,-38.999,.285,82.303,-144.587,526.500,,,,,,,3,3
6,FRONT,LEFT,FRONT_LEFT,AV_G,1,approach,rail,E53233043200,6,11,1,4,4,LINEAR,JOINT,250.000,100.000,-56.800,40.600,-62.600,-37.000,68.100,-144.999,526.500,,,,,,,3,3
6,FRONT,LEFT,FRONT_LEFT,AV_G,1,approach,rail,E53233043200,6,11,1,5,5,LINEAR,JOINT,250.000,100.000,-63.500,47.100,-54.600,-50.101,34.999,-105.000,526.500,,,,,,,3,3
6,FRONT,LEFT,FRONT_LEFT,AV_G,1,approach,rail,E53233043200,6,11,1,6,6,JOINT,JOINT,25.000,100.000,-76.495,82.448,-39.166,-62.643,-56.998,-33.416,526.500,,,,,,,3,3
6,FRONT,LEFT,FRONT_LEFT,AV_G,1,approach,rail,E53233043200,6,11,1,7,7,LINEAR,JOINT,250.000,100.000,-74.432,79.370,-45.350,-67.513,-53.003,-27.357,526.500,,,,,,,3,3
6,FRONT,LEFT,FRONT_LEFT,AV_G,1,approach,rail,E53233043200,6,11,1,8,8,LINEAR,JOINT,250.000,0.000,-73.914,75.014,-50.055,-71.242,-51.018,-21.925,526.500,,,,,,,3,3
6,FRONT,LEFT,FRONT_LEFT,AV_G,1,work,fastener,ASNA2392-3-04,233,1,1,8,8,LINEAR,CRT,100.000,0.000,-120.000,0.000,3.500,-180.000,0.000,-90.000,526.500,N,U,T,0.000,0.000,0.000,3,3
6,FRONT,LEFT,FRONT_LEFT,AV_G,1,work,fastener,ASNA2392-3-04,232,2,2,9,9,LINEAR,CRT,100.000,0.000,-96.000,0.000,3.500,-180.000,0.000,-90.000,526.500,N,U,T,0.000,0.000,0.000,3,3
6,FRONT,LEFT,FRONT_LEFT,AV_G,1,work,fastener,ASNA2392-3-04,231,3,3,10,10,LINEAR,CRT,100.000,0.000,-72.000,0.000,3.500,-180.000,0.000,-90.000,526.500,N,U,T,0.000,0.000,0.000,3,3
6,FRONT,LEFT,FRONT_LEFT,AV_G,1,work,fastener,ASNA2392-3-04,230,4,4,11,11,LINEAR,CRT,100.000,0.000,-48.000,0.000,3.500,-180.000,0.000,-90.000,526.500,N,U,T,0.000,0.000,0.000,3,3
6,FRONT,LEFT,FRONT_LEFT,AV_G,1,work,fastener,ASNA2392-3-05,306,5,5,12,12,LINEAR,CRT,100.000,0.000,-24.000,0.000,5.000,-180.000,0.000,-90.000,526.500,N,U,T,0.000,0.000,0.000,3,3
6,FRONT,LEFT,FRONT_LEFT,AV_G,1,work,fastener,ASNA2392-3-05,305,6,6,13,13,LINEAR,CRT,100.000,0.000,0.000,0.000,5.000,-180.000,0.000,-111.773,526.500,N,U,T,0.000,0.000,0.000,3,3
6,FRONT,LEFT,FRONT_LEFT,AV_G,1,work,fastener,ASNA2392-3-07,300,7,7,14,14,LINEAR,CRT,100.000,0.000,36.700,0.000,5.000,-179.999,0.000,-128.362,526.500,N,U,T,0.000,0.000,0.000,3,3
6,FRONT,LEFT,FRONT_LEFT,AV_G,1,work,fastener,ASNA2392-3-07,299,8,8,15,15,LINEAR,CRT,100.000,0.000,58.700,0.000,5.000,-180.000,0.000,-136.713,526.500,N,U,T,0.000,0.000,0.000,3,3
6,FRONT,LEFT,FRONT_LEFT,AV_G,1,clearance,rail,E53233043200,6,11,1,8,1,LINEAR,JOINT,250.000,0.000,-73.914,75.014,-50.055,-71.242,-51.018,-21.925,526.500,,,,,,,3,3
6,FRONT,LEFT,FRONT_LEFT,AV_G,1,clearance,rail,E53233043200,6,11,1,7,2,LINEAR,JOINT,250.000,100.000,-74.432,79.370,-45.350,-67.513,-53.003,-27.357,526.500,,,,,,,3,3
6,FRONT,LEFT,FRONT_LEFT,AV_G,1,clearance,rail,E53233043200,6,11,1,6,3,JOINT,JOINT,25.000,100.000,-76.495,82.448,-39.166,-62.643,-56.998,-33.416,526.500,,,,,,,3,3
6,FRONT,LEFT,FRONT_LEFT,AV_G,1,clearance,rail,E53233043200,6,11,1,5,4,JOINT,JOINT,25.000,100.000,-63.500,47.100,-54.600,-50.101,34.999,-105.000,526.500,,,,,,,3,3
6,FRONT,LEFT,FRONT_LEFT,AV_G,1,clearance,rail,E53233043200,6,11,1,4,5,LINEAR,JOINT,250.000,100.000,-56.800,40.600,-62.600,-37.000,68.100,-144.999,526.500,,,,,,,3,3
6,FRONT,LEFT,FRONT_LEFT,AV_G,1,clearance,rail,E53233043200,6,11,1,3,6,LINEAR,JOINT,250.000,100.000,-48.447,38.087,-38.999,.285,82.303,-144.587,526.500,,,,,,,3,3
6,FRONT,LEFT,FRONT_LEFT,AV_G,1,clearance,rail,E53233043200,6,11,1,2,7,LINEAR,JOINT,250.000,100.000,-27.559,26.693,-35.290,5.045,89.166,-144.983,526.500,,,,,,,3,3
6,FRONT,LEFT,FRONT_LEFT,AV_G,1,clearance,rail,E53233043200,6,11,1,1,8,LINEAR,JOINT,250.000,0.000,0.000,18.500,-39.000,0.000,106.000,-135.000,526.500,,,,,,,3,3